Date, Open, High, Low, Close, Volume, Adj Close, Dividend, Stock Split
2016-06-20, 96.00, 96.57, 95.03, 95.10, 33942300, 95.10,,
2016-06-17, 96.62, 96.65, 95.30, 95.33, 60595000, 95.33,,
2016-06-16, 96.45, 97.75, 96.07, 97.55, 31236300, 97.55,,
2016-06-15, 97.82, 98.41, 97.03, 97.14, 29254300, 97.14,,
2016-06-14, 97.32, 98.48, 96.75, 97.46, 31870300, 97.46,,
2016-06-13, 98.69, 99.12, 97.10, 97.34, 37612900, 97.34,,
2016-06-10, 98.53, 99.35, 98.48, 98.83, 31462100, 98.83,,
2016-06-09, 98.50, 99.99, 98.46, 99.65, 26419600, 99.65,,
2016-06-08, 99.02, 99.56, 98.68, 98.94, 20812700, 98.94,,
2016-06-07, 99.25, 99.87, 98.96, 99.03, 22366400, 99.03,,
2016-06-06, 97.99, 101.89, 97.55, 98.63, 23242200, 98.63,,
2016-06-03, 97.79, 98.27, 97.45, 97.92, 28062900, 97.92,,
2016-06-02, 97.60, 97.84, 96.63, 97.72, 40004100, 97.72,,
2016-06-01, 99.02, 99.54, 98.33, 98.46, 29113400, 98.46,,
2016-05-31, 99.60, 100.40, 98.82, 99.86, 42084800, 99.86,,
2016-05-27, 99.44, 100.47, 99.25, 100.35, 36229500, 100.35,,
2016-05-26, 99.68, 100.73, 98.64, 100.41, 56093400, 100.41,,
2016-05-25, 98.67, 99.74, 98.11, 99.62, 38168800, 99.62,,
2016-05-24, 97.22, 98.09, 96.84, 97.90, 35036800, 97.90,,
2016-05-23, 95.87, 97.19, 95.67, 96.43, 37860500, 96.43,,
2016-05-20, 94.64, 95.43, 94.52, 95.22, 31804600, 95.22,,
2016-05-19, 94.64, 94.64, 93.57, 94.20, 30342700, 94.20,,
2016-05-18, 94.16, 95.21, 93.89, 94.56, 41923100, 94.56,,
2016-05-17, 94.55, 94.70, 93.01, 93.49, 46507400, 93.49,,
2016-05-16, 92.39, 94.39, 91.65, 93.88, 61140600, 93.88,,
2016-05-13, 90.00, 91.67, 90.00, 90.52, 44188200, 90.52,,
2016-05-12, 92.72, 92.78, 89.47, 90.34, 76109800, 90.34,,
2016-05-11, 93.48, 93.57, 92.46, 92.51, 28539900, 92.51,,
2016-05-10, 93.33, 93.57, 92.11, 93.42, 33592500, 93.42,,
2016-05-09, 93.00, 93.77, 92.59, 92.79, 32855300, 92.79,,
2016-05-06, 93.37, 93.45, 91.85, 92.72, 43458200, 92.72,,
2016-05-05, 94.00, 94.07, 92.68, 93.24, 35890500, 93.24, 0.57, 
2016-05-04, 95.20, 95.90, 93.82, 94.19, 41025500, 93.62,,
2016-05-03, 94.20, 95.74, 93.68, 95.18, 56831300, 94.60,,
2016-05-02, 93.97, 94.08, 92.40, 93.64, 48160100, 93.07,,
2016-04-29, 93.99, 94.72, 92.51, 93.74, 68531500, 93.17,,
2016-04-28, 97.61, 97.88, 94.25, 94.83, 82242700, 94.26,,
2016-04-27, 96.00, 98.71, 95.68, 97.82, 114602100, 97.23,,
2016-04-26, 103.91, 105.30, 103.91, 104.35, 56016200, 103.72,,
2016-04-25, 105.00, 105.65, 104.51, 105.08, 28031600, 104.44,,
2016-04-22, 105.01, 106.48, 104.62, 105.68, 33683100, 105.04,,
2016-04-21, 106.93, 106.93, 105.52, 105.97, 31552500, 105.33,,
2016-04-20, 106.64, 108.09, 106.06, 107.13, 30611000, 106.48,,
2016-04-19, 107.88, 108.00, 106.23, 106.91, 32384900, 106.26,,
2016-04-18, 108.89, 108.95, 106.94, 107.48, 60821500, 106.83,,
2016-04-15, 112.11, 112.30, 109.73, 109.85, 46939000, 109.19,,
2016-04-14, 111.62, 112.39, 111.33, 112.10, 25473900, 111.42,,
2016-04-13, 110.80, 112.34, 110.80, 112.04, 33257300, 111.36,,
2016-04-12, 109.34, 110.50, 108.66, 110.44, 27232300, 109.77,,
2016-04-11, 108.97, 110.61, 108.83, 109.02, 29407500, 108.36,,
2016-04-08, 108.91, 109.77, 108.17, 108.66, 23581700, 108.00,,
2016-04-07, 109.95, 110.42, 108.12, 108.54, 31801900, 107.88,,
2016-04-06, 110.23, 110.98, 109.20, 110.96, 26404100, 110.29,,
2016-04-05, 109.51, 110.73, 109.42, 109.81, 26578700, 109.15,,
2016-04-04, 110.42, 112.19, 110.27, 111.12, 37356200, 110.45,,
2016-04-01, 108.78, 110.00, 108.20, 109.99, 25874000, 109.32,,
2016-03-31, 109.72, 109.90, 108.88, 108.99, 25888400, 108.33,,
2016-03-30, 108.65, 110.42, 108.60, 109.56, 45601100, 108.90,,
2016-03-29, 104.89, 107.79, 104.88, 107.68, 31190100, 107.03,,
2016-03-28, 106.00, 106.19, 105.06, 105.19, 19411400, 104.55,,
2016-03-24, 105.47, 106.25, 104.89, 105.67, 26133000, 105.03,,
2016-03-23, 106.48, 107.07, 105.90, 106.13, 25703500, 105.49,,
2016-03-22, 105.25, 107.29, 105.21, 106.72, 32444400, 106.07,,
2016-03-21, 105.93, 107.65, 105.14, 105.91, 35502700, 105.27,,
2016-03-18, 106.34, 106.50, 105.19, 105.92, 44205200, 105.28,,
2016-03-17, 105.52, 106.47, 104.96, 105.80, 34420700, 105.16,,
2016-03-16, 104.61, 106.31, 104.59, 105.97, 38303500, 105.33,,
2016-03-15, 103.96, 105.18, 103.85, 104.58, 40067700, 103.95,,
2016-03-14, 101.91, 102.91, 101.78, 102.52, 25076100, 101.90,,
2016-03-11, 102.24, 102.28, 101.50, 102.26, 27408200, 101.64,,
2016-03-10, 101.41, 102.24, 100.15, 101.17, 33513600, 100.56,,
2016-03-09, 101.31, 101.58, 100.27, 101.12, 27201700, 100.51,,
2016-03-08, 100.78, 101.76, 100.40, 101.03, 31561900, 100.42,,
2016-03-07, 102.39, 102.83, 100.96, 101.87, 35828900, 101.25,,
2016-03-04, 102.37, 103.75, 101.37, 103.01, 46055100, 102.39,,
2016-03-03, 100.58, 101.71, 100.45, 101.50, 36955700, 100.89,,
2016-03-02, 100.51, 100.89, 99.64, 100.75, 33169600, 100.14,,
2016-03-01, 97.65, 100.77, 97.42, 100.53, 50407100, 99.92,,
2016-02-29, 96.86, 98.23, 96.65, 96.69, 35216300, 96.10,,
2016-02-26, 97.20, 98.02, 96.58, 96.91, 28991100, 96.32,,
2016-02-25, 96.05, 96.76, 95.25, 96.76, 27582700, 96.17,,
2016-02-24, 93.98, 96.38, 93.32, 96.10, 36255700, 95.52,,
2016-02-23, 96.40, 96.50, 94.55, 94.69, 31942600, 94.12,,
2016-02-22, 96.31, 96.90, 95.92, 96.88, 34280800, 96.29,,
2016-02-19, 96.00, 96.76, 95.80, 96.04, 35374200, 95.46,,
2016-02-18, 98.84, 98.89, 96.09, 96.26, 39021000, 95.68,,
2016-02-17, 96.67, 98.21, 96.15, 98.12, 44863200, 97.53,,
2016-02-16, 95.02, 96.85, 94.61, 96.64, 49057900, 96.06,,
2016-02-12, 94.19, 94.50, 93.01, 93.99, 40351400, 93.42,,
2016-02-11, 93.79, 94.72, 92.59, 93.70, 50074700, 93.13,,
2016-02-10, 95.92, 96.35, 94.10, 94.27, 42343600, 93.70,,
2016-02-09, 94.29, 95.94, 93.93, 94.99, 44331200, 94.42,,
2016-02-08, 93.13, 95.70, 93.04, 95.01, 54021400, 94.44,,
2016-02-05, 96.52, 96.92, 93.69, 94.02, 46418100, 93.45,,
2016-02-04, 95.86, 97.33, 95.19, 96.60, 46471700, 96.02, 0.52, 
2016-02-03, 95.00, 96.84, 94.08, 96.35, 45964300, 95.25,,
2016-02-02, 95.42, 96.04, 94.28, 94.48, 37357200, 93.40,,
2016-02-01, 96.47, 96.71, 95.40, 96.43, 40943500, 95.33,,
2016-01-29, 94.79, 97.34, 94.35, 97.34, 64416500, 96.23,,
2016-01-28, 93.79, 94.52, 92.39, 94.09, 55678800, 93.02,,
2016-01-27, 96.04, 96.63, 93.34, 93.42, 133369700, 92.35,,
2016-01-26, 99.93, 100.88, 98.07, 99.99, 75077000, 98.85,,
2016-01-25, 101.52, 101.53, 99.21, 99.44, 51794500, 98.30,,
2016-01-22, 98.63, 101.46, 98.37, 101.42, 65800500, 100.26,,
2016-01-21, 97.06, 97.88, 94.94, 96.30, 52161500, 95.20,,
2016-01-20, 95.10, 98.19, 93.42, 96.79, 72334400, 95.69,,
2016-01-19, 98.41, 98.65, 95.50, 96.66, 53087700, 95.56,,
2016-01-15, 96.20, 97.71, 95.36, 97.13, 79833900, 96.02,,
2016-01-14, 97.96, 100.48, 95.74, 99.52, 63170100, 98.38,,
2016-01-13, 100.32, 101.19, 97.30, 97.39, 62439600, 96.28,,
2016-01-12, 100.55, 100.69, 98.84, 99.96, 49154200, 98.82,,
2016-01-11, 98.97, 99.06, 97.34, 98.53, 49739400, 97.41,,
2016-01-08, 98.55, 99.11, 96.76, 96.96, 70798000, 95.85,,
2016-01-07, 98.68, 100.13, 96.43, 96.45, 81094400, 95.35,,
2016-01-06, 100.56, 102.37, 99.87, 100.70, 68457400, 99.55,,
2016-01-05, 105.75, 105.85, 102.41, 102.71, 55791000, 101.54,,
2016-01-04, 102.61, 105.37, 102.00, 105.35, 67649400, 104.15,,
2015-12-31, 107.01, 107.03, 104.82, 105.26, 40912300, 104.06,,
2015-12-30, 108.58, 108.70, 107.18, 107.32, 25213800, 106.09,,
2015-12-29, 106.96, 109.43, 106.86, 108.74, 30931200, 107.50,,
2015-12-28, 107.59, 107.69, 106.18, 106.82, 26704200, 105.60,,
2015-12-24, 109.00, 109.00, 107.95, 108.03, 13596700, 106.80,,
2015-12-23, 107.27, 108.85, 107.20, 108.61, 32657400, 107.37,,
2015-12-22, 107.40, 107.72, 106.45, 107.23, 32789400, 106.01,,
2015-12-21, 107.28, 107.37, 105.57, 107.33, 47590600, 106.10,,
2015-12-18, 108.91, 109.52, 105.81, 106.03, 96453300, 104.82,,
2015-12-17, 112.02, 112.25, 108.98, 108.98, 44772800, 107.74,,
2015-12-16, 111.07, 111.99, 108.80, 111.34, 56238500, 110.07,,
2015-12-15, 111.94, 112.80, 110.35, 110.49, 52978100, 109.23,,
2015-12-14, 112.18, 112.68, 109.79, 112.48, 64318700, 111.20,,
2015-12-11, 115.19, 115.39, 112.85, 113.18, 46886200, 111.89,,
2015-12-10, 116.04, 116.94, 115.51, 116.17, 29212700, 114.84,,
2015-12-09, 117.64, 117.69, 115.08, 115.62, 46361400, 114.30,,
2015-12-08, 117.52, 118.60, 116.86, 118.23, 34309500, 116.88,,
2015-12-07, 118.98, 119.86, 117.81, 118.28, 32084200, 116.93,,
2015-12-04, 115.29, 119.25, 115.11, 119.03, 57777000, 117.67,,
2015-12-03, 116.55, 116.79, 114.22, 115.20, 41569500, 113.88,,
2015-12-02, 117.34, 118.11, 116.08, 116.28, 33386600, 114.95,,
2015-12-01, 118.75, 118.81, 116.86, 117.34, 34852400, 116.00,,
2015-11-30, 117.99, 119.41, 117.75, 118.30, 39180300, 116.95,,
2015-11-27, 118.29, 118.41, 117.60, 117.81, 13046400, 116.47,,
2015-11-25, 119.21, 119.23, 117.92, 118.03, 21388300, 116.68,,
2015-11-24, 117.33, 119.35, 117.12, 118.88, 42803200, 117.52,,
2015-11-23, 119.27, 119.73, 117.34, 117.75, 32482500, 116.41,,
2015-11-20, 119.20, 119.92, 118.85, 119.30, 34287100, 117.94,,
2015-11-19, 117.64, 119.75, 116.76, 118.78, 43295800, 117.42,,
2015-11-18, 115.76, 117.49, 115.50, 117.29, 46674700, 115.95,,
2015-11-17, 114.92, 115.05, 113.32, 113.69, 27616900, 112.39,,
2015-11-16, 111.38, 114.24, 111.00, 114.18, 38106700, 112.88,,
2015-11-13, 115.20, 115.57, 112.27, 112.34, 45812400, 111.06,,
2015-11-12, 116.26, 116.82, 115.65, 115.72, 32525600, 114.40,,
2015-11-11, 116.37, 117.42, 115.21, 116.11, 45218000, 114.78,,
2015-11-10, 116.90, 118.07, 116.06, 116.77, 59127900, 115.44,,
2015-11-09, 120.96, 121.81, 120.05, 120.57, 33871400, 119.19,,
2015-11-06, 121.11, 121.81, 120.62, 121.06, 33042300, 119.68,,
2015-11-05, 121.85, 122.69, 120.18, 120.92, 39552700, 119.54, 0.52, 
2015-11-04, 123.13, 123.82, 121.62, 122.00, 44886100, 120.09,,
2015-11-03, 120.79, 123.49, 120.70, 122.57, 45519000, 120.65,,
2015-11-02, 120.80, 121.36, 119.61, 121.18, 32203300, 119.29,,
2015-10-30, 120.99, 121.22, 119.45, 119.50, 49365300, 117.63,,
2015-10-29, 118.70, 120.69, 118.27, 120.53, 51227300, 118.65,,
2015-10-28, 116.93, 119.30, 116.06, 119.27, 85551400, 117.41,,
2015-10-27, 115.40, 116.54, 113.99, 114.55, 69884400, 112.76,,
2015-10-26, 118.08, 118.13, 114.92, 115.28, 66333800, 113.48,,
2015-10-23, 116.70, 119.23, 116.33, 119.08, 59366900, 117.22,,
2015-10-22, 114.33, 115.50, 114.10, 115.50, 41654100, 113.69,,
2015-10-21, 114.00, 115.58, 113.70, 113.76, 41795200, 111.98,,
2015-10-20, 111.34, 114.17, 110.82, 113.77, 48967800, 111.99,,
2015-10-19, 110.80, 111.75, 110.11, 111.73, 29759200, 109.98,,
2015-10-16, 111.78, 112.00, 110.53, 111.04, 38236300, 109.30,,
2015-10-15, 110.93, 112.10, 110.49, 111.86, 37673500, 110.11,,
2015-10-14, 111.29, 111.52, 109.56, 110.21, 44462400, 108.49,,
2015-10-13, 110.82, 112.45, 110.68, 111.79, 33049300, 110.04,,
2015-10-12, 112.73, 112.75, 111.44, 111.60, 30467200, 109.86,,
2015-10-09, 110.00, 112.28, 109.49, 112.12, 52766100, 110.37,,
2015-10-08, 110.19, 110.19, 108.21, 109.50, 61979600, 107.79,,
2015-10-07, 111.74, 111.77, 109.41, 110.78, 46765600, 109.05,,
2015-10-06, 110.63, 111.74, 109.77, 111.31, 48857000, 109.57,,
2015-10-05, 109.88, 111.37, 109.07, 110.78, 52064700, 109.05,,
2015-10-02, 108.01, 111.01, 107.55, 110.38, 58019800, 108.65,,
2015-10-01, 109.07, 109.62, 107.31, 109.58, 63929100, 107.87,,
2015-09-30, 110.17, 111.54, 108.73, 110.30, 66473000, 108.58,,
2015-09-29, 112.83, 113.51, 107.86, 109.06, 73365400, 107.36,,
2015-09-28, 113.85, 114.57, 112.44, 112.44, 52109000, 110.68,,
2015-09-25, 116.44, 116.69, 114.02, 114.71, 56151900, 112.92,,
2015-09-24, 113.25, 115.50, 112.37, 115.00, 50219500, 113.20,,
2015-09-23, 113.63, 114.72, 113.30, 114.32, 35756700, 112.53,,
2015-09-22, 113.38, 114.18, 112.52, 113.40, 50346200, 111.63,,
2015-09-21, 113.67, 115.37, 113.66, 115.21, 50222000, 113.41,,
2015-09-18, 112.21, 114.30, 111.87, 113.45, 74285300, 111.68,,
2015-09-17, 115.66, 116.49, 113.72, 113.92, 64112600, 112.14,,
2015-09-16, 116.25, 116.54, 115.44, 116.41, 37173500, 114.59,,
2015-09-15, 115.93, 116.53, 114.42, 116.28, 43341200, 114.46,,
2015-09-14, 116.58, 116.89, 114.86, 115.31, 58363400, 113.51,,
2015-09-11, 111.79, 114.21, 111.76, 114.21, 49915500, 112.42,,
2015-09-10, 110.27, 113.28, 109.90, 112.57, 62892800, 110.81,,
2015-09-09, 113.76, 114.02, 109.77, 110.15, 85010800, 108.43,,
2015-09-08, 111.75, 112.56, 110.32, 112.31, 54843600, 110.55,,
2015-09-04, 108.97, 110.45, 108.51, 109.27, 49996300, 107.56,,
2015-09-03, 112.49, 112.78, 110.04, 110.37, 53233900, 108.64,,
2015-09-02, 110.23, 112.34, 109.13, 112.34, 61888800, 110.58,,
2015-09-01, 110.15, 111.88, 107.36, 107.72, 76845900, 106.04,,
2015-08-31, 112.03, 114.53, 112.00, 112.76, 56229300, 111.00,,
2015-08-28, 112.17, 113.31, 111.54, 113.29, 53164400, 111.52,,
2015-08-27, 112.23, 113.24, 110.02, 112.92, 84616100, 111.16,,
2015-08-26, 107.09, 109.89, 105.05, 109.69, 96774600, 107.98,,
2015-08-25, 111.11, 111.11, 103.50, 103.74, 103601600, 102.12,,
2015-08-24, 94.87, 108.80, 92.00, 103.12, 162206300, 101.51,,
2015-08-21, 110.43, 111.90, 105.65, 105.76, 128275500, 104.11,,
2015-08-20, 114.08, 114.35, 111.63, 112.65, 68501600, 110.89,,
2015-08-19, 116.10, 116.52, 114.68, 115.01, 47445700, 113.21,,
2015-08-18, 116.43, 117.44, 116.01, 116.50, 34560700, 114.68,,
2015-08-17, 116.04, 117.65, 115.50, 117.16, 40884700, 115.33,,
2015-08-14, 114.32, 116.31, 114.01, 115.96, 42929500, 114.15,,
2015-08-13, 116.04, 116.40, 114.54, 115.15, 48535800, 113.35,,
2015-08-12, 112.53, 115.42, 109.63, 115.24, 101217500, 113.44,,
2015-08-11, 117.81, 118.18, 113.33, 113.49, 97082800, 111.72,,
2015-08-10, 116.53, 119.99, 116.53, 119.72, 54951600, 117.85,,
2015-08-07, 114.58, 116.25, 114.50, 115.52, 38670400, 113.71,,
2015-08-06, 115.97, 116.50, 114.12, 115.13, 52903000, 113.33, 0.52, 
2015-08-05, 112.95, 117.44, 112.10, 115.40, 99312600, 113.08,,
2015-08-04, 117.42, 117.70, 113.25, 114.64, 124138600, 112.34,,
2015-08-03, 121.50, 122.57, 117.52, 118.44, 69976000, 116.06,,
2015-07-31, 122.60, 122.64, 120.91, 121.30, 42885000, 118.87,,
2015-07-30, 122.32, 122.57, 121.71, 122.37, 33628300, 119.91,,
2015-07-29, 123.15, 123.50, 122.27, 122.99, 37011700, 120.52,,
2015-07-28, 123.38, 123.91, 122.55, 123.38, 33618100, 120.90,,
2015-07-27, 123.09, 123.61, 122.12, 122.77, 44455500, 120.31,,
2015-07-24, 125.32, 125.74, 123.90, 124.50, 42162300, 122.00,,
2015-07-23, 126.20, 127.09, 125.06, 125.16, 50999500, 122.65,,
2015-07-22, 121.99, 125.50, 121.99, 125.22, 115450600, 122.71,,
2015-07-21, 132.85, 132.92, 130.32, 130.75, 76756400, 128.13,,
2015-07-20, 130.97, 132.97, 130.70, 132.07, 58900200, 129.42,,
2015-07-17, 129.08, 129.62, 128.31, 129.62, 46164700, 127.02,,
2015-07-16, 127.74, 128.57, 127.35, 128.51, 36222400, 125.93,,
2015-07-15, 125.72, 127.15, 125.58, 126.82, 33649200, 124.28,,
2015-07-14, 126.04, 126.37, 125.04, 125.61, 31768100, 123.09,,
2015-07-13, 125.03, 125.76, 124.32, 125.66, 41440500, 123.14,,
2015-07-10, 121.94, 123.85, 121.21, 123.28, 61354500, 120.81,,
2015-07-09, 123.85, 124.06, 119.22, 120.07, 77821600, 117.66,,
2015-07-08, 124.48, 124.64, 122.54, 122.57, 60761600, 120.11,,
2015-07-07, 125.89, 126.15, 123.77, 125.69, 46946800, 123.17,,
2015-07-06, 124.94, 126.23, 124.85, 126.00, 28060400, 123.47,,
2015-07-02, 126.43, 126.69, 125.77, 126.44, 27211000, 123.90,,
2015-07-01, 126.90, 126.94, 125.99, 126.60, 30238800, 124.06,,
2015-06-30, 125.57, 126.12, 124.86, 125.43, 44370700, 122.91,,
2015-06-29, 125.46, 126.47, 124.48, 124.53, 49161400, 122.03,,
2015-06-26, 127.67, 127.99, 126.51, 126.75, 44066800, 124.21,,
2015-06-25, 128.86, 129.20, 127.50, 127.50, 31938100, 124.94,,
2015-06-24, 127.21, 129.80, 127.12, 128.11, 55280900, 125.54,,
2015-06-23, 127.48, 127.61, 126.88, 127.03, 30268900, 124.48,,
2015-06-22, 127.49, 128.06, 127.08, 127.61, 34039300, 125.05,,
2015-06-19, 127.71, 127.82, 126.40, 126.60, 54716900, 124.06,,
2015-06-18, 127.23, 128.31, 127.22, 127.88, 35407200, 125.31,,
2015-06-17, 127.72, 127.88, 126.74, 127.30, 32918100, 124.75,,
2015-06-16, 127.03, 127.85, 126.37, 127.60, 31494100, 125.04,,
2015-06-15, 126.10, 127.24, 125.71, 126.92, 43988900, 124.37,,
2015-06-12, 128.19, 128.33, 127.11, 127.17, 36886200, 124.62,,
2015-06-11, 129.18, 130.18, 128.48, 128.59, 35390900, 126.01,,
2015-06-10, 127.92, 129.34, 127.85, 128.88, 39087300, 126.29,,
2015-06-09, 126.70, 128.08, 125.62, 127.42, 56075400, 124.86,,
2015-06-08, 128.90, 129.21, 126.83, 127.80, 52674800, 125.24,,
2015-06-05, 129.50, 129.69, 128.36, 128.65, 35626800, 126.07,,
2015-06-04, 129.58, 130.58, 128.91, 129.36, 38450100, 126.76,,
2015-06-03, 130.66, 130.94, 129.90, 130.12, 30889400, 127.51,,
2015-06-02, 129.86, 130.66, 129.32, 129.96, 33667600, 127.35,,
2015-06-01, 130.28, 131.39, 130.05, 130.54, 32112800, 127.92,,
2015-05-29, 131.23, 131.45, 129.90, 130.28, 50884500, 127.67,,
2015-05-28, 131.86, 131.95, 131.10, 131.78, 30733300, 129.14,,
2015-05-27, 130.34, 132.26, 130.05, 132.04, 45833200, 129.39,,
2015-05-26, 132.60, 132.91, 129.12, 129.62, 70697600, 127.02,,
2015-05-22, 131.60, 132.97, 131.40, 132.54, 45596000, 129.88,,
2015-05-21, 130.07, 131.63, 129.83, 131.39, 39730400, 128.75,,
2015-05-20, 130.00, 130.98, 129.34, 130.06, 36454900, 127.45,,
2015-05-19, 130.69, 130.88, 129.64, 130.07, 44633200, 127.46,,
2015-05-18, 128.38, 130.72, 128.36, 130.19, 50882900, 127.58,,
2015-05-15, 129.07, 129.49, 128.21, 128.77, 38208000, 126.19,,
2015-05-14, 127.41, 128.95, 127.16, 128.95, 45203500, 126.36,,
2015-05-13, 126.15, 127.19, 125.87, 126.01, 34694200, 123.48,,
2015-05-12, 125.60, 126.88, 124.82, 125.87, 48160000, 123.34,,
2015-05-11, 127.39, 127.56, 125.63, 126.32, 42035800, 123.79,,
2015-05-08, 126.68, 127.62, 126.11, 127.62, 55550400, 125.06,,
2015-05-07, 124.77, 126.08, 124.02, 125.26, 43940900, 122.75, 0.52, 
2015-05-06, 126.56, 126.75, 123.36, 125.01, 72141000, 121.99,,
2015-05-05, 128.15, 128.45, 125.78, 125.80, 49271400, 122.76,,
2015-05-04, 129.50, 130.57, 128.26, 128.70, 50988300, 125.59,,
2015-05-01, 126.10, 130.13, 125.30, 128.95, 58512600, 125.84,,
2015-04-30, 128.64, 128.64, 124.58, 125.15, 83195400, 122.13,,
2015-04-29, 130.16, 131.59, 128.30, 128.64, 63386100, 125.53,,
2015-04-28, 134.46, 134.54, 129.57, 130.56, 118924000, 127.41,,
2015-04-27, 132.31, 133.13, 131.15, 132.65, 96954200, 129.45,,
2015-04-24, 130.49, 130.63, 129.23, 130.28, 44525900, 127.13,,
2015-04-23, 128.30, 130.42, 128.14, 129.67, 45770900, 126.54,,
2015-04-22, 126.99, 128.87, 126.32, 128.62, 37654500, 125.51,,
2015-04-21, 128.10, 128.20, 126.67, 126.91, 32435100, 123.85,,
2015-04-20, 125.57, 128.12, 125.17, 127.60, 47054300, 124.52,,
2015-04-17, 125.55, 126.14, 124.46, 124.75, 51957000, 121.74,,
2015-04-16, 126.28, 127.10, 126.11, 126.17, 28369000, 123.12,,
2015-04-15, 126.41, 127.13, 126.01, 126.78, 28970400, 123.72,,
2015-04-14, 127.00, 127.29, 125.91, 126.30, 25524600, 123.25,,
2015-04-13, 128.37, 128.57, 126.61, 126.85, 36365100, 123.79,,
2015-04-10, 125.95, 127.21, 125.26, 127.10, 40188000, 124.03,,
2015-04-09, 125.85, 126.58, 124.66, 126.56, 32484000, 123.50,,
2015-04-08, 125.85, 126.40, 124.97, 125.60, 37329200, 122.57,,
2015-04-07, 127.64, 128.12, 125.98, 126.01, 35012300, 122.97,,
2015-04-06, 124.47, 127.51, 124.33, 127.35, 37194000, 124.28,,
2015-04-02, 125.03, 125.56, 124.19, 125.32, 32220100, 122.29,,
2015-04-01, 124.82, 125.12, 123.10, 124.25, 40621400, 121.25,,
2015-03-31, 126.09, 126.49, 124.36, 124.43, 42090600, 121.43,,
2015-03-30, 124.05, 126.40, 124.00, 126.37, 47099700, 123.32,,
2015-03-27, 124.57, 124.70, 122.91, 123.25, 39546200, 120.27,,
2015-03-26, 122.76, 124.88, 122.60, 124.24, 47572900, 121.24,,
2015-03-25, 126.54, 126.82, 123.38, 123.38, 51655200, 120.40,,
2015-03-24, 127.23, 128.04, 126.56, 126.69, 32842300, 123.63,,
2015-03-23, 127.12, 127.85, 126.52, 127.21, 37709700, 124.14,,
2015-03-20, 128.25, 128.40, 125.16, 125.90, 68695100, 122.86,,
2015-03-19, 128.75, 129.25, 127.40, 127.50, 45809500, 124.42,,
2015-03-18, 127.00, 129.16, 126.37, 128.47, 65270900, 125.37,,
2015-03-17, 125.90, 127.32, 125.65, 127.04, 51023100, 123.97,,
2015-03-16, 123.88, 124.95, 122.87, 124.95, 35874300, 121.93,,
2015-03-13, 124.40, 125.40, 122.58, 123.59, 51827300, 120.61,,
2015-03-12, 122.31, 124.90, 121.63, 124.45, 48362700, 121.45,,
2015-03-11, 124.75, 124.77, 122.11, 122.24, 68939000, 119.29,,
2015-03-10, 126.41, 127.22, 123.80, 124.51, 68856600, 121.50,,
2015-03-09, 127.96, 129.57, 125.06, 127.14, 88528500, 124.07,,
2015-03-06, 128.40, 129.37, 126.26, 126.60, 72842100, 123.54,,
2015-03-05, 128.58, 128.75, 125.76, 126.41, 56517100, 123.36,,
2015-03-04, 129.10, 129.56, 128.32, 128.54, 31666300, 125.44,,
2015-03-03, 128.96, 129.52, 128.09, 129.36, 37816300, 126.24,,
2015-03-02, 129.25, 130.28, 128.30, 129.09, 48096700, 125.97,,
2015-02-27, 130.00, 130.57, 128.24, 128.46, 62014800, 125.36,,
2015-02-26, 128.79, 130.87, 126.61, 130.42, 91287500, 127.27,,
2015-02-25, 131.56, 131.60, 128.15, 128.79, 74711700, 125.68,,
2015-02-24, 132.94, 133.60, 131.17, 132.17, 69228100, 128.98,,
2015-02-23, 130.02, 133.00, 129.66, 133.00, 70974100, 129.79,,
2015-02-20, 128.62, 129.50, 128.05, 129.50, 48948400, 126.37,,
2015-02-19, 128.48, 129.03, 128.33, 128.45, 37362400, 125.35,,
2015-02-18, 127.63, 128.78, 127.45, 128.72, 44891700, 125.61,,
2015-02-17, 127.49, 128.88, 126.92, 127.83, 63152400, 124.74,,
2015-02-13, 127.28, 127.28, 125.65, 127.08, 54272200, 124.01,,
2015-02-12, 126.06, 127.48, 125.57, 126.46, 74474500, 123.41,,
2015-02-11, 122.77, 124.92, 122.50, 124.88, 73561800, 121.87,,
2015-02-10, 120.17, 122.15, 120.16, 122.02, 62008500, 119.07,,
2015-02-09, 118.55, 119.84, 118.43, 119.72, 38889800, 116.83,,
2015-02-06, 120.02, 120.25, 118.45, 118.93, 43706600, 116.06,,
2015-02-05, 120.02, 120.23, 119.25, 119.94, 42246200, 117.04, 0.47, 
2015-02-04, 118.50, 120.51, 118.31, 119.56, 70149700, 116.21,,
2015-02-03, 118.50, 119.09, 117.61, 118.65, 51915700, 115.33,,
2015-02-02, 118.05, 119.17, 116.08, 118.63, 62739100, 115.31,,
2015-01-30, 118.40, 120.00, 116.85, 117.16, 83745500, 113.88,,
2015-01-29, 116.32, 119.19, 115.56, 118.90, 84436400, 115.57,,
2015-01-28, 117.63, 118.12, 115.31, 115.31, 146477100, 112.08,,
2015-01-27, 112.42, 112.48, 109.03, 109.14, 95568700, 106.09,,
2015-01-26, 113.74, 114.36, 112.80, 113.10, 55615000, 109.94,,
2015-01-23, 112.30, 113.75, 111.53, 112.98, 46464800, 109.82,,
2015-01-22, 110.26, 112.47, 109.72, 112.40, 53796400, 109.26,,
2015-01-21, 108.95, 111.06, 108.27, 109.55, 48575900, 106.49,,
2015-01-20, 107.84, 108.97, 106.50, 108.72, 49899900, 105.68,,
2015-01-16, 107.03, 107.58, 105.20, 105.99, 78513300, 103.02,,
2015-01-15, 110.00, 110.06, 106.66, 106.82, 60014000, 103.83,,
2015-01-14, 109.04, 110.49, 108.50, 109.80, 48337000, 106.73,,
2015-01-13, 111.43, 112.80, 108.91, 110.22, 67091900, 107.14,,
2015-01-12, 112.60, 112.63, 108.80, 109.25, 49650800, 106.19,,
2015-01-09, 112.67, 113.25, 110.21, 112.01, 53699500, 108.88,,
2015-01-08, 109.23, 112.15, 108.70, 111.89, 59364500, 108.76,,
2015-01-07, 107.20, 108.20, 106.70, 107.75, 40105900, 104.74,,
2015-01-06, 106.54, 107.43, 104.63, 106.26, 65797100, 103.29,,
2015-01-05, 108.29, 108.65, 105.41, 106.25, 64285500, 103.28,,
2015-01-02, 111.39, 111.44, 107.35, 109.33, 53204600, 106.27,,
2014-12-31, 112.82, 113.13, 110.21, 110.38, 41403400, 107.29,,
2014-12-30, 113.64, 113.92, 112.11, 112.52, 29881500, 109.37,,
2014-12-29, 113.79, 114.77, 113.70, 113.91, 27598900, 110.72,,
2014-12-26, 112.10, 114.52, 112.01, 113.99, 33721000, 110.80,,
2014-12-24, 112.58, 112.71, 112.01, 112.01, 14479600, 108.88,,
2014-12-23, 113.23, 113.33, 112.46, 112.54, 26028400, 109.39,,
2014-12-22, 112.16, 113.49, 111.97, 112.94, 45167500, 109.78,,
2014-12-19, 112.26, 113.24, 111.66, 111.78, 88429800, 108.65,,
2014-12-18, 111.87, 112.65, 110.66, 112.65, 59006200, 109.50,,
2014-12-17, 107.12, 109.84, 106.82, 109.41, 53411800, 106.35,,
2014-12-16, 106.37, 110.16, 106.26, 106.75, 60790700, 103.76,,
2014-12-15, 110.70, 111.60, 106.35, 108.23, 67218100, 105.20,,
2014-12-12, 110.46, 111.87, 109.58, 109.73, 56028100, 106.66,,
2014-12-11, 112.26, 113.80, 111.34, 111.62, 41401700, 108.50,,
2014-12-10, 114.41, 114.85, 111.54, 111.95, 44565300, 108.82,,
2014-12-09, 110.19, 114.30, 109.35, 114.12, 60208000, 110.93,,
2014-12-08, 114.10, 114.65, 111.62, 112.40, 57664900, 109.26,,
2014-12-05, 115.99, 116.08, 114.64, 115.00, 38318900, 111.78,,
2014-12-04, 115.77, 117.20, 115.29, 115.49, 42044500, 112.26,,
2014-12-03, 115.75, 116.35, 115.11, 115.93, 43063400, 112.69,,
2014-12-02, 113.50, 115.75, 112.75, 114.63, 59348900, 111.42,,
2014-12-01, 118.81, 119.25, 111.27, 115.07, 83814000, 111.85,,
2014-11-28, 119.27, 119.40, 118.05, 118.93, 24814400, 115.60,,
2014-11-26, 117.94, 119.10, 117.83, 119.00, 40768300, 115.67,,
2014-11-25, 119.07, 119.75, 117.45, 117.60, 68840400, 114.31,,
2014-11-24, 116.85, 118.77, 116.62, 118.63, 47450800, 115.31,,
2014-11-21, 117.51, 117.57, 116.03, 116.47, 57179300, 113.21,,
2014-11-20, 114.91, 116.86, 114.85, 116.31, 43395500, 113.06,,
2014-11-19, 115.44, 115.74, 113.80, 114.67, 41869200, 111.46,,
2014-11-18, 113.94, 115.69, 113.89, 115.47, 44224000, 112.24,,
2014-11-17, 114.27, 117.28, 113.30, 113.99, 46746700, 110.80,,
2014-11-14, 113.15, 114.19, 111.21, 114.18, 44063600, 110.99,,
2014-11-13, 111.80, 113.45, 111.60, 112.82, 59522900, 109.66,,
2014-11-12, 109.38, 111.43, 109.37, 111.25, 46942400, 108.14,,
2014-11-11, 108.70, 109.75, 108.40, 109.70, 27442300, 106.63,,
2014-11-10, 109.02, 109.33, 108.67, 108.83, 27195500, 105.79,,
2014-11-07, 108.75, 109.32, 108.55, 109.01, 33691500, 105.96,,
2014-11-06, 108.60, 108.79, 107.80, 108.70, 34968500, 105.66, 0.47, 
2014-11-05, 109.10, 109.30, 108.13, 108.86, 37435900, 105.36,,
2014-11-04, 109.36, 109.49, 107.72, 108.60, 41574400, 105.11,,
2014-11-03, 108.22, 110.30, 108.01, 109.40, 52282600, 105.88,,
2014-10-31, 108.01, 108.04, 107.21, 108.00, 44639300, 104.53,,
2014-10-30, 106.96, 107.35, 105.90, 106.98, 40654800, 103.54,,
2014-10-29, 106.65, 107.37, 106.36, 107.34, 52687900, 103.89,,
2014-10-28, 105.40, 106.74, 105.35, 106.74, 48060900, 103.31,,
2014-10-27, 104.85, 105.48, 104.70, 105.11, 34187700, 101.73,,
2014-10-24, 105.18, 105.49, 104.53, 105.22, 47053900, 101.83,,
2014-10-23, 104.08, 105.05, 103.63, 104.83, 71074700, 101.46,,
2014-10-22, 102.84, 104.11, 102.60, 102.99, 68263100, 99.68,,
2014-10-21, 103.02, 103.02, 101.27, 102.47, 94623900, 99.17,,
2014-10-20, 98.32, 99.96, 98.22, 99.76, 77517300, 96.55,,
2014-10-17, 97.50, 99.00, 96.81, 97.67, 68179700, 94.53,,
2014-10-16, 95.55, 97.72, 95.41, 96.26, 72154500, 93.16,,
2014-10-15, 97.97, 99.15, 95.18, 97.54, 100933600, 94.40,,
2014-10-14, 100.39, 100.52, 98.57, 98.75, 63688600, 95.57,,
2014-10-13, 101.33, 101.78, 99.81, 99.81, 53583400, 96.60,,
2014-10-10, 100.69, 102.03, 100.30, 100.73, 66331600, 97.49,,
2014-10-09, 101.54, 102.38, 100.61, 101.02, 77376500, 97.77,,
2014-10-08, 98.76, 101.11, 98.31, 100.80, 57404700, 97.56,,
2014-10-07, 99.43, 100.12, 98.73, 98.75, 42094200, 95.57,,
2014-10-06, 99.95, 100.65, 99.42, 99.62, 37051200, 96.41,,
2014-10-03, 99.44, 100.21, 99.04, 99.62, 43469600, 96.41,,
2014-10-02, 99.27, 100.22, 98.04, 99.90, 47757800, 96.69,,
2014-10-01, 100.59, 100.69, 98.70, 99.18, 51491300, 95.99,,
2014-09-30, 100.81, 101.54, 100.53, 100.75, 55264100, 97.51,,
2014-09-29, 98.65, 100.44, 98.63, 100.11, 49766300, 96.89,,
2014-09-26, 98.53, 100.75, 98.40, 100.75, 62370500, 97.51,,
2014-09-25, 100.51, 100.71, 97.72, 97.87, 100092000, 94.72,,
2014-09-24, 102.16, 102.85, 101.20, 101.75, 60171800, 98.48,,
2014-09-23, 100.60, 102.94, 100.54, 102.64, 63402200, 99.34,,
2014-09-22, 101.80, 102.14, 100.58, 101.06, 52788400, 97.81,,
2014-09-19, 102.29, 102.35, 100.50, 100.96, 70902400, 97.71,,
2014-09-18, 101.93, 102.35, 101.56, 101.79, 37299400, 98.51,,
2014-09-17, 101.27, 101.80, 100.59, 101.58, 60926500, 98.31,,
2014-09-16, 99.80, 101.26, 98.89, 100.86, 66908100, 97.61,,
2014-09-15, 102.81, 103.05, 101.44, 101.63, 61316500, 98.36,,
2014-09-12, 101.21, 102.19, 101.08, 101.66, 62626100, 98.39,,
2014-09-11, 100.41, 101.44, 99.62, 101.43, 62353100, 98.17,,
2014-09-10, 98.01, 101.11, 97.76, 101.00, 100869600, 97.75,,
2014-09-09, 99.08, 103.08, 96.14, 97.99, 189846300, 94.84,,
2014-09-08, 99.30, 99.31, 98.05, 98.36, 46356700, 95.20,,
2014-09-05, 98.80, 99.39, 98.31, 98.97, 58457000, 95.79,,
2014-09-04, 98.85, 100.09, 97.79, 98.12, 85718000, 94.96,,
2014-09-03, 103.10, 103.20, 98.58, 98.94, 125421000, 95.76,,
2014-09-02, 103.06, 103.74, 102.72, 103.30, 53564000, 99.98,,
2014-08-29, 102.86, 102.90, 102.20, 102.50, 44595000, 99.20,,
2014-08-28, 101.59, 102.78, 101.56, 102.25, 68460000, 98.96,,
2014-08-27, 101.02, 102.57, 100.70, 102.13, 52369000, 98.84,,
2014-08-26, 101.42, 101.50, 100.86, 100.89, 33152000, 97.64,,
2014-08-25, 101.79, 102.17, 101.28, 101.54, 40270000, 98.27,,
2014-08-22, 100.29, 101.47, 100.19, 101.32, 44184000, 98.06,,
2014-08-21, 100.57, 100.94, 100.11, 100.58, 33478000, 97.34,,
2014-08-20, 100.44, 101.09, 99.95, 100.57, 52699000, 97.33,,
2014-08-19, 99.41, 100.68, 99.32, 100.53, 69399000, 97.30,,
2014-08-18, 98.49, 99.37, 97.98, 99.16, 47572000, 95.97,,
2014-08-15, 97.90, 98.19, 96.86, 97.98, 48951000, 94.83,,
2014-08-14, 97.33, 97.57, 96.80, 97.50, 28116000, 94.36,,
2014-08-13, 96.15, 97.24, 96.04, 97.24, 31916000, 94.11,,
2014-08-12, 96.04, 96.88, 95.61, 95.97, 33795000, 92.88,,
2014-08-11, 95.27, 96.08, 94.84, 95.99, 36585000, 92.90,,
2014-08-08, 94.26, 94.82, 93.28, 94.74, 41865000, 91.69,,
2014-08-07, 94.93, 95.95, 94.10, 94.48, 46711000, 91.44, 0.47, 
2014-08-06, 94.75, 95.48, 94.71, 94.96, 38558000, 91.45,,
2014-08-05, 95.36, 95.68, 94.36, 95.12, 55933000, 91.60,,
2014-08-04, 96.37, 96.58, 95.17, 95.59, 39958000, 92.06,,
2014-08-01, 94.90, 96.62, 94.81, 96.13, 48511000, 92.58,,
2014-07-31, 97.16, 97.45, 95.33, 95.60, 56843000, 92.07,,
2014-07-30, 98.44, 98.70, 97.67, 98.15, 33010000, 94.52,,
2014-07-29, 99.33, 99.44, 98.25, 98.38, 43143000, 94.74,,
2014-07-28, 97.82, 99.24, 97.55, 99.02, 55318000, 95.36,,
2014-07-25, 96.85, 97.84, 96.64, 97.67, 43469000, 94.06,,
2014-07-24, 97.04, 97.32, 96.42, 97.03, 45729000, 93.44,,
2014-07-23, 95.42, 97.88, 95.17, 97.19, 92918000, 93.60,,
2014-07-22, 94.68, 94.89, 94.12, 94.72, 55197000, 91.22,,
2014-07-21, 94.99, 95.00, 93.72, 93.94, 39079000, 90.47,,
2014-07-18, 93.62, 94.74, 93.02, 94.43, 49988000, 90.94,,
2014-07-17, 95.03, 95.28, 92.57, 93.09, 57298000, 89.65,,
2014-07-16, 96.97, 97.10, 94.74, 94.78, 53396300, 91.28,,
2014-07-15, 96.80, 96.85, 95.03, 95.32, 45477900, 91.80,,
2014-07-14, 95.86, 96.89, 95.65, 96.45, 42810000, 92.88,,
2014-07-11, 95.36, 95.89, 94.86, 95.22, 34018000, 91.70,,
2014-07-10, 93.76, 95.55, 93.52, 95.04, 39686000, 91.53,,
2014-07-09, 95.44, 95.95, 94.76, 95.39, 36436000, 91.86,,
2014-07-08, 96.27, 96.80, 93.92, 95.35, 65222000, 91.83,,
2014-07-07, 94.14, 95.99, 94.10, 95.97, 56468000, 92.42,,
2014-07-03, 93.67, 94.10, 93.20, 94.03, 22891800, 90.55,,
2014-07-02, 93.87, 94.06, 93.09, 93.48, 28465000, 90.02,,
2014-07-01, 93.52, 94.07, 93.13, 93.52, 38223000, 90.06,,
2014-06-30, 92.10, 93.73, 92.09, 92.93, 49482300, 89.49,,
2014-06-27, 90.82, 92.00, 90.77, 91.98, 64029000, 88.58,,
2014-06-26, 90.37, 91.05, 89.80, 90.90, 32629000, 87.54,,
2014-06-25, 90.21, 90.70, 89.65, 90.36, 36869000, 87.02,,
2014-06-24, 90.75, 91.74, 90.19, 90.28, 39036000, 86.94,,
2014-06-23, 91.32, 91.62, 90.60, 90.83, 43694000, 87.47,,
2014-06-20, 91.85, 92.55, 90.90, 90.91, 100898000, 87.55,,
2014-06-19, 92.29, 92.30, 91.34, 91.86, 35528000, 88.46,,
2014-06-18, 92.27, 92.29, 91.35, 92.18, 33514000, 88.77,,
2014-06-17, 92.31, 92.70, 91.80, 92.08, 29726000, 88.68,,
2014-06-16, 91.51, 92.75, 91.45, 92.20, 35561000, 88.79,,
2014-06-13, 92.20, 92.44, 90.88, 91.28, 54525000, 87.91,,
2014-06-12, 94.04, 94.12, 91.90, 92.29, 54749000, 88.88,,
2014-06-11, 94.13, 94.76, 93.47, 93.86, 45681000, 90.39,,
2014-06-10, 94.73, 95.05, 93.57, 94.25, 62777000, 90.77,,
2014-06-09, 92.70, 93.88, 91.75, 93.70, 75415000, 90.24,, 7.0
2014-06-06, 649.90, 651.26, 644.47, 645.57, 87484600, 88.82,,
2014-06-05, 646.20, 649.37, 642.61, 647.35, 75951400, 89.06,,
2014-06-04, 637.44, 647.89, 636.11, 644.82, 83870500, 88.71,,
2014-06-03, 628.46, 638.74, 628.25, 637.54, 73177300, 87.71,,
2014-06-02, 633.96, 634.83, 622.50, 628.65, 92337700, 86.49,,
2014-05-30, 637.98, 644.17, 628.90, 633.00, 141005200, 87.09,,
2014-05-29, 627.85, 636.87, 627.77, 635.38, 94118500, 87.41,,
2014-05-28, 626.02, 629.83, 623.78, 624.01, 78870400, 85.85,,
2014-05-27, 615.88, 625.86, 615.63, 625.63, 87216500, 86.07,,
2014-05-23, 607.25, 614.73, 606.47, 614.13, 58052400, 84.49,,
2014-05-22, 606.60, 609.85, 604.10, 607.27, 50190000, 83.55,,
2014-05-21, 603.83, 606.70, 602.06, 606.31, 49214900, 83.41,,
2014-05-20, 604.51, 606.40, 600.73, 604.71, 58709000, 83.19,,
2014-05-19, 597.85, 607.33, 597.33, 604.59, 79438800, 83.18,,
2014-05-16, 588.63, 597.53, 585.40, 597.51, 69064100, 82.20,,
2014-05-15, 594.70, 596.60, 588.04, 588.82, 57711500, 81.01,,
2014-05-14, 592.43, 597.40, 591.74, 593.87, 41601000, 81.70,,
2014-05-13, 592.00, 594.54, 590.70, 593.76, 39934300, 81.69,,
2014-05-12, 587.49, 593.66, 587.40, 592.83, 53302200, 81.56,,
2014-05-09, 584.54, 586.25, 580.33, 585.54, 72899400, 80.56,,
2014-05-08, 588.25, 594.41, 586.40, 587.99, 57574300, 80.89, 0.47, 
2014-05-07, 595.25, 597.29, 587.73, 592.33, 70716100, 81.04,,
2014-05-06, 601.80, 604.41, 594.41, 594.41, 93641100, 81.32,,
2014-05-05, 590.14, 601.00, 590.00, 600.96, 71766800, 82.22,,
2014-05-02, 592.34, 594.20, 589.71, 592.58, 47878600, 81.07,,
2014-05-01, 592.00, 594.80, 586.36, 591.48, 61012000, 80.92,,
2014-04-30, 592.64, 599.43, 589.80, 590.09, 114160200, 80.73,,
2014-04-29, 593.74, 595.98, 589.51, 592.33, 84344400, 81.04,,
2014-04-28, 572.80, 595.75, 572.55, 594.09, 167371400, 81.28,,
2014-04-25, 564.53, 571.99, 563.96, 571.94, 97568800, 78.25,,
2014-04-24, 568.21, 570.00, 560.73, 567.77, 189977900, 77.68,,
2014-04-23, 529.06, 531.13, 524.45, 524.75, 98735000, 71.79,,
2014-04-22, 528.31, 531.83, 526.50, 531.70, 50640800, 72.74,,
2014-04-21, 525.34, 532.14, 523.96, 531.17, 45637200, 72.67,,
2014-04-17, 520.00, 527.76, 519.20, 524.94, 71083600, 71.82,,
2014-04-16, 518.05, 521.09, 514.14, 519.01, 53691400, 71.01,,
2014-04-15, 520.27, 521.64, 511.33, 517.96, 66622500, 70.86,,
2014-04-14, 521.90, 522.16, 517.21, 521.68, 51418500, 71.37,,
2014-04-11, 519.00, 522.83, 517.14, 519.61, 67929400, 71.09,,
2014-04-10, 530.68, 532.24, 523.17, 523.48, 59913000, 71.62,,
2014-04-09, 522.64, 530.49, 522.02, 530.32, 51542400, 72.55,,
2014-04-08, 525.19, 526.12, 518.70, 523.44, 60972100, 71.61,,
2014-04-07, 528.02, 530.90, 521.89, 523.47, 72462600, 71.62,,
2014-04-04, 539.81, 540.00, 530.58, 531.82, 68812800, 72.76,,
2014-04-03, 541.39, 542.50, 537.64, 538.79, 40586000, 73.71,,
2014-04-02, 542.38, 543.48, 540.26, 542.55, 45105200, 74.23,,
2014-04-01, 537.76, 541.87, 536.77, 541.65, 50190000, 74.10,,
2014-03-31, 539.23, 540.81, 535.93, 536.74, 42167300, 73.43,,
2014-03-28, 538.32, 538.94, 534.25, 536.86, 50141000, 73.45,,
2014-03-27, 540.02, 541.50, 535.12, 537.46, 55507900, 73.53,,
2014-03-26, 546.52, 549.00, 538.86, 539.78, 74942000, 73.85,,
2014-03-25, 541.50, 545.75, 539.59, 544.99, 70573300, 74.56,,
2014-03-24, 538.42, 540.50, 535.06, 539.19, 88925200, 73.77,,
2014-03-21, 531.93, 533.75, 526.33, 532.87, 93511600, 72.90,,
2014-03-20, 529.89, 532.67, 527.35, 528.70, 52099600, 72.33,,
2014-03-19, 532.26, 536.24, 529.00, 531.26, 56189000, 72.68,,
2014-03-18, 525.90, 531.97, 525.20, 531.40, 52411800, 72.70,,
2014-03-17, 527.70, 529.97, 525.85, 526.74, 49886200, 72.06,,
2014-03-14, 528.79, 530.89, 523.00, 524.69, 59299800, 71.78,,
2014-03-13, 537.44, 539.66, 529.16, 530.65, 64435700, 72.60,,
2014-03-12, 534.51, 537.35, 532.00, 536.61, 49831600, 73.41,,
2014-03-11, 535.45, 538.74, 532.59, 536.09, 69806100, 73.34,,
2014-03-10, 528.36, 533.33, 528.34, 530.92, 44646000, 72.64,,
2014-03-07, 531.09, 531.98, 526.05, 530.44, 55182400, 72.57,,
2014-03-06, 532.79, 534.44, 528.10, 530.75, 46372200, 72.61,,
2014-03-05, 530.92, 534.75, 529.13, 532.36, 50015700, 72.83,,
2014-03-04, 531.00, 532.64, 527.77, 531.24, 64785000, 72.68,,
2014-03-03, 523.42, 530.65, 522.81, 527.76, 59695300, 72.20,,
2014-02-28, 529.08, 532.75, 522.12, 526.24, 92992200, 72.00,,
2014-02-27, 517.14, 528.78, 516.05, 527.67, 75470500, 72.19,,
2014-02-26, 523.61, 525.00, 515.60, 517.35, 69054300, 70.78,,
2014-02-25, 529.38, 529.57, 521.00, 522.06, 57988000, 71.42,,
2014-02-24, 523.15, 529.92, 522.42, 527.55, 72227400, 72.18,,
2014-02-21, 532.79, 534.57, 524.60, 525.25, 69696200, 71.86,,
2014-02-20, 532.99, 537.00, 529.00, 531.15, 76464500, 72.67,,
2014-02-19, 544.75, 546.89, 534.35, 537.37, 78442000, 73.52,,
2014-02-18, 546.00, 551.19, 545.61, 545.99, 65062900, 74.70,,
2014-02-14, 542.47, 545.98, 541.21, 543.99, 68231100, 74.42,,
2014-02-13, 534.66, 544.85, 534.20, 544.43, 76849500, 74.48,,
2014-02-12, 536.95, 539.56, 533.24, 535.92, 77025200, 73.32,,
2014-02-11, 530.61, 537.75, 529.50, 535.96, 70564200, 73.33,,
2014-02-10, 518.66, 531.99, 518.00, 528.99, 86389800, 72.37,,
2014-02-07, 521.38, 522.93, 517.38, 519.68, 92570100, 71.10,,
2014-02-06, 510.06, 513.50, 507.81, 512.51, 64441300, 70.12, 0.43571, 
2014-02-05, 506.56, 515.28, 506.25, 512.59, 82086200, 69.71,,
2014-02-04, 505.85, 509.46, 502.76, 508.79, 94170300, 69.19,,
2014-02-03, 502.61, 507.73, 499.30, 501.53, 100366000, 68.21,,
2014-01-31, 495.18, 501.53, 493.55, 500.60, 116199300, 68.08,,
2014-01-30, 502.54, 506.50, 496.70, 499.78, 169625400, 67.97,,
2014-01-29, 503.95, 507.37, 498.62, 500.75, 125702500, 68.10,,
2014-01-28, 508.76, 515.00, 502.07, 506.50, 266380800, 68.88,,
2014-01-27, 550.07, 554.80, 545.75, 550.50, 138719700, 74.87,,
2014-01-24, 554.00, 555.62, 544.75, 546.07, 107338700, 74.26,,
2014-01-23, 549.94, 556.50, 544.81, 556.18, 100809800, 75.64,,
2014-01-22, 550.91, 557.29, 547.81, 551.51, 94996300, 75.00,,
2014-01-21, 540.99, 550.07, 540.42, 549.07, 82131700, 74.67,,
2014-01-17, 551.48, 552.07, 539.90, 540.67, 106684900, 73.53,,
2014-01-16, 554.90, 556.85, 551.68, 554.25, 57319500, 75.38,,
2014-01-15, 553.52, 560.20, 551.66, 557.36, 97909700, 75.80,,
2014-01-14, 538.22, 546.73, 537.66, 546.39, 83140400, 74.31,,
2014-01-13, 529.91, 542.50, 529.88, 535.73, 94623200, 72.86,,
2014-01-10, 539.83, 540.80, 531.11, 532.94, 76244000, 72.48,,
2014-01-09, 546.80, 546.86, 535.35, 536.52, 69787200, 72.97,,
2014-01-08, 538.81, 545.56, 538.69, 543.46, 64632400, 73.91,,
2014-01-07, 544.32, 545.96, 537.92, 540.04, 79302300, 73.44,,
2014-01-06, 537.45, 546.80, 533.60, 543.93, 103152700, 73.97,,
2014-01-03, 552.86, 553.70, 540.43, 540.98, 98116900, 73.57,,
2014-01-02, 555.68, 557.03, 552.02, 553.13, 58671200, 75.22,,
2013-12-31, 554.17, 561.28, 554.00, 561.02, 55771100, 76.30,,
2013-12-30, 557.46, 560.09, 552.32, 554.52, 63407400, 75.41,,
2013-12-27, 563.82, 564.41, 559.50, 560.09, 56471100, 76.17,,
2013-12-26, 568.10, 569.50, 563.38, 563.90, 51002000, 76.69,,
2013-12-24, 569.89, 571.88, 566.03, 567.67, 41888700, 77.20,,
2013-12-23, 568.00, 570.72, 562.76, 570.09, 125326600, 77.53,,
2013-12-20, 545.43, 551.61, 544.82, 549.02, 109103400, 74.67,,
2013-12-19, 549.50, 550.00, 543.73, 544.46, 80077200, 74.05,,
2013-12-18, 549.70, 551.45, 538.80, 550.77, 141465800, 74.90,,
2013-12-17, 555.81, 559.44, 553.38, 554.99, 57475600, 75.48,,
2013-12-16, 555.02, 562.64, 555.01, 557.50, 70648200, 75.82,,
2013-12-13, 562.85, 562.88, 553.67, 554.43, 83205500, 75.40,,
2013-12-12, 562.14, 565.34, 560.03, 560.54, 65572500, 76.23,,
2013-12-11, 567.00, 570.97, 559.69, 561.36, 89929700, 76.34,,
2013-12-10, 563.58, 567.88, 561.20, 565.55, 69567400, 76.91,,
2013-12-09, 560.90, 569.58, 560.90, 566.43, 80123400, 77.03,,
2013-12-06, 565.79, 566.75, 559.57, 560.02, 86088100, 76.16,,
2013-12-05, 572.65, 575.14, 566.41, 567.90, 111895000, 77.23,,
2013-12-04, 565.50, 569.19, 560.82, 565.00, 94452400, 76.84,,
2013-12-03, 558.30, 566.38, 557.68, 566.32, 112742000, 77.02,,
2013-12-02, 558.00, 564.33, 550.82, 551.23, 118136200, 74.97,,
2013-11-29, 549.48, 558.33, 547.81, 556.07, 79531900, 75.62,,
2013-11-27, 536.31, 546.00, 533.40, 545.96, 90862100, 74.25,,
2013-11-26, 524.12, 536.14, 524.00, 533.40, 100345700, 72.54,,
2013-11-25, 521.02, 525.87, 521.00, 523.74, 57327900, 71.23,,
2013-11-22, 519.52, 522.16, 518.53, 519.80, 55931400, 70.69,,
2013-11-21, 517.60, 521.21, 513.67, 521.14, 65506700, 70.87,,
2013-11-20, 519.23, 520.42, 514.33, 515.00, 48479200, 70.04,,
2013-11-19, 519.03, 523.38, 517.97, 519.55, 52234700, 70.66,,
2013-11-18, 524.99, 527.19, 518.20, 518.63, 61236000, 70.53,,
2013-11-15, 526.58, 529.09, 524.49, 524.99, 79480100, 71.40,,
2013-11-14, 522.81, 529.28, 521.87, 528.16, 70604800, 71.83,,
2013-11-13, 518.00, 522.25, 516.96, 520.63, 49305200, 70.80,,
2013-11-12, 517.67, 523.92, 517.00, 520.01, 51069200, 70.72,,
2013-11-11, 519.99, 521.67, 514.41, 519.05, 56863100, 70.59,,
2013-11-08, 514.58, 521.13, 512.59, 520.56, 69829200, 70.80,,
2013-11-07, 519.58, 523.19, 512.38, 512.49, 65655100, 69.70,,
2013-11-06, 524.15, 524.86, 518.20, 520.92, 55843900, 70.84, 0.43571, 
2013-11-05, 524.58, 528.89, 523.00, 525.45, 66303300, 71.05,,
2013-11-04, 521.10, 526.82, 518.81, 526.75, 61156900, 71.22,,
2013-11-01, 524.02, 524.80, 515.84, 520.03, 68722500, 70.31,,
2013-10-31, 525.00, 527.49, 521.27, 522.70, 68924100, 70.67,,
2013-10-30, 519.61, 527.52, 517.02, 524.90, 88540900, 70.97,,
2013-10-29, 536.27, 539.25, 514.54, 516.68, 158951800, 69.86,,
2013-10-28, 529.04, 531.00, 523.21, 529.88, 137610200, 71.64,,
2013-10-25, 531.32, 533.23, 525.11, 525.96, 84448000, 71.11,,
2013-10-24, 525.00, 532.47, 522.45, 531.91, 96191200, 71.92,,
2013-10-23, 519.00, 525.67, 519.00, 524.96, 78430800, 70.98,,
2013-10-22, 526.41, 528.45, 508.03, 519.87, 133515900, 70.29,,
2013-10-21, 511.77, 524.30, 511.52, 521.36, 99526700, 70.49,,
2013-10-18, 505.99, 509.26, 505.71, 508.89, 72635500, 68.81,,
2013-10-17, 499.98, 504.78, 499.68, 504.50, 63398300, 68.21,,
2013-10-16, 500.79, 502.53, 499.23, 501.11, 62775300, 67.75,,
2013-10-15, 497.51, 502.00, 495.52, 498.68, 80018400, 67.43,,
2013-10-14, 489.83, 497.58, 489.35, 496.04, 65474500, 67.07,,
2013-10-11, 486.99, 493.84, 485.16, 492.81, 66934700, 66.63,,
2013-10-10, 491.32, 492.38, 487.04, 489.64, 69650700, 66.20,,
2013-10-09, 484.64, 487.79, 478.28, 486.59, 75431300, 65.79,,
2013-10-08, 489.94, 490.64, 480.54, 480.94, 72729300, 65.03,,
2013-10-07, 486.56, 492.65, 485.35, 487.75, 78073100, 65.95,,
2013-10-04, 483.86, 484.60, 478.60, 483.03, 64717100, 65.31,,
2013-10-03, 490.51, 492.35, 480.74, 483.41, 80688300, 65.36,,
2013-10-02, 485.63, 491.80, 483.75, 489.56, 72296000, 66.19,,
2013-10-01, 478.45, 489.14, 478.38, 487.96, 88470900, 65.98,,
2013-09-30, 477.25, 481.66, 474.41, 476.75, 65039100, 64.46,,
2013-09-27, 483.78, 484.67, 480.72, 482.75, 57010100, 65.27,,
2013-09-26, 486.00, 488.56, 483.90, 486.22, 59305400, 65.74,,
2013-09-25, 489.20, 489.64, 481.43, 481.53, 79239300, 65.11,,
2013-09-24, 494.88, 495.47, 487.82, 489.10, 91086100, 66.13,,
2013-09-23, 496.10, 496.91, 482.60, 490.64, 190526700, 66.34,,
2013-09-20, 478.00, 478.55, 466.00, 467.41, 174825700, 63.20,,
2013-09-19, 470.70, 475.83, 469.25, 472.30, 101135300, 63.86,,
2013-09-18, 463.18, 466.35, 460.66, 464.68, 114215500, 62.83,,
2013-09-17, 447.96, 459.71, 447.50, 455.32, 99845200, 61.56,,
2013-09-16, 461.00, 461.61, 447.22, 450.12, 135926700, 60.86,,
2013-09-13, 469.34, 471.83, 464.70, 464.90, 74708900, 62.86,,
2013-09-12, 468.50, 475.40, 466.01, 472.69, 101012800, 63.91,,
2013-09-11, 467.01, 473.69, 464.81, 467.71, 224674100, 63.24,,
2013-09-10, 506.20, 507.45, 489.50, 494.64, 185798900, 66.88,,
2013-09-09, 505.00, 507.92, 503.48, 506.17, 85171800, 68.44,,
2013-09-06, 498.44, 499.38, 489.95, 498.22, 89881400, 67.36,,
2013-09-05, 500.25, 500.68, 493.64, 495.27, 59091900, 66.96,,
2013-09-04, 499.56, 502.24, 496.28, 498.69, 86258200, 67.43,,
2013-09-03, 493.10, 500.60, 487.35, 488.58, 82982200, 66.06,,
2013-08-30, 492.00, 492.95, 486.50, 487.22, 68074300, 65.88,,
2013-08-29, 491.65, 496.50, 491.13, 491.70, 59914400, 66.48,,
2013-08-28, 486.00, 495.80, 486.00, 490.90, 76902000, 66.37,,
2013-08-27, 498.00, 502.51, 486.30, 488.59, 106047200, 66.06,,
2013-08-26, 500.75, 510.20, 500.50, 502.97, 82741400, 68.01,,
2013-08-23, 503.27, 503.35, 499.35, 501.02, 55682900, 67.74,,
2013-08-22, 504.98, 505.59, 498.20, 502.96, 61051900, 68.00,,
2013-08-21, 503.59, 507.15, 501.20, 502.36, 83969900, 67.92,,
2013-08-20, 509.71, 510.57, 500.82, 501.07, 89672100, 67.75,,
2013-08-19, 504.34, 513.74, 504.00, 507.74, 127629600, 68.65,,
2013-08-16, 500.15, 502.94, 498.86, 502.33, 90576500, 67.92,,
2013-08-15, 496.42, 502.40, 489.08, 497.91, 122573500, 67.32,,
2013-08-14, 497.88, 504.25, 493.40, 498.50, 189093100, 67.40,,
2013-08-13, 470.94, 494.66, 468.05, 489.57, 220485300, 66.19,,
2013-08-12, 456.86, 468.65, 456.63, 467.36, 91108500, 63.19,,
2013-08-09, 458.64, 460.46, 453.65, 454.45, 66716300, 61.45,,
2013-08-08, 463.86, 464.10, 457.95, 461.01, 63944300, 62.33, 0.43571, 
2013-08-07, 463.80, 467.00, 461.77, 464.98, 74714500, 62.46,,
2013-08-06, 468.02, 471.89, 462.17, 465.25, 83714400, 62.49,,
2013-08-05, 464.69, 470.67, 462.15, 469.45, 79713900, 63.06,,
2013-08-02, 458.01, 462.85, 456.66, 462.54, 68695900, 62.13,,
2013-08-01, 455.75, 456.80, 453.26, 456.68, 51562700, 61.34,,
2013-07-31, 454.99, 457.34, 449.43, 452.53, 80739400, 60.78,,
2013-07-30, 449.96, 457.15, 449.23, 453.32, 77355600, 60.89,,
2013-07-29, 440.80, 449.99, 440.20, 447.79, 62014400, 60.15,,
2013-07-26, 435.30, 441.04, 434.34, 440.99, 50038100, 59.23,,
2013-07-25, 440.70, 441.40, 435.81, 438.50, 57373400, 58.90,,
2013-07-24, 438.93, 444.59, 435.26, 440.51, 147984200, 59.17,,
2013-07-23, 426.00, 426.96, 418.71, 418.99, 92348900, 56.28,,
2013-07-22, 429.46, 429.75, 425.47, 426.31, 51949100, 57.26,,
2013-07-19, 433.10, 433.98, 424.35, 424.95, 67180400, 57.08,,
2013-07-18, 433.38, 434.87, 430.61, 431.76, 54719700, 57.99,,
2013-07-17, 429.70, 432.22, 428.22, 430.31, 49747600, 57.80,,
2013-07-16, 426.52, 430.71, 424.17, 430.20, 54134500, 57.79,,
2013-07-15, 425.01, 431.46, 424.80, 427.44, 60479300, 57.41,,
2013-07-12, 427.65, 429.79, 423.41, 426.51, 69890800, 57.29,,
2013-07-11, 422.95, 428.25, 421.17, 427.29, 81573100, 57.39,,
2013-07-10, 419.60, 424.80, 418.25, 420.73, 70351400, 56.51,,
2013-07-09, 413.60, 423.50, 410.38, 422.35, 88146100, 56.73,,
2013-07-08, 420.11, 421.00, 410.65, 415.05, 74534600, 55.75,,
2013-07-05, 420.39, 423.29, 415.35, 417.42, 68506200, 56.07,,
2013-07-03, 420.86, 422.98, 417.45, 420.80, 60232200, 56.52,,
2013-07-02, 409.96, 421.63, 409.47, 418.49, 117466300, 56.21,,
2013-07-01, 402.69, 412.27, 401.22, 409.22, 97763400, 54.97,,
2013-06-28, 391.36, 400.27, 388.87, 396.53, 144629100, 53.26,,
2013-06-27, 399.25, 401.39, 393.54, 393.78, 84311500, 52.89,,
2013-06-26, 403.90, 404.79, 395.66, 398.07, 91931000, 53.47,,
2013-06-25, 405.70, 407.79, 398.83, 402.63, 78540700, 54.08,,
2013-06-24, 407.40, 408.66, 398.05, 402.54, 120186500, 54.07,,
2013-06-21, 418.49, 420.00, 408.10, 413.50, 120279600, 55.54,,
2013-06-20, 419.30, 425.98, 415.17, 416.84, 89327700, 55.99,,
2013-06-19, 431.40, 431.66, 423.00, 423.00, 77735000, 56.82,,
2013-06-18, 431.56, 434.90, 430.21, 431.77, 48756400, 58.00,,
2013-06-17, 431.44, 435.70, 430.36, 432.00, 64853600, 58.03,,
2013-06-14, 435.40, 436.29, 428.50, 430.05, 67966500, 57.77,,
2013-06-13, 432.50, 437.14, 428.75, 435.96, 71458100, 58.56,,
2013-06-12, 439.50, 441.25, 431.50, 432.19, 66306800, 58.05,,
2013-06-11, 435.74, 442.76, 433.32, 437.60, 71528100, 58.78,,
2013-06-10, 444.73, 449.08, 436.80, 438.89, 112538300, 58.95,,
2013-06-07, 436.50, 443.24, 432.77, 441.81, 101133900, 59.34,,
2013-06-06, 445.47, 447.00, 434.05, 438.46, 104233500, 58.89,,
2013-06-05, 445.65, 450.72, 443.71, 445.11, 72647400, 59.79,,
2013-06-04, 453.22, 454.43, 447.39, 449.31, 73182200, 60.35,,
2013-06-03, 450.73, 452.36, 442.48, 450.72, 93088100, 60.54,,
2013-05-31, 452.50, 457.10, 449.50, 449.73, 96075700, 60.41,,
2013-05-30, 445.65, 454.50, 444.51, 451.58, 88379900, 60.66,,
2013-05-29, 440.00, 447.50, 439.40, 444.95, 82644100, 59.77,,
2013-05-28, 449.90, 451.11, 440.85, 441.44, 96536300, 59.30,,
2013-05-24, 440.85, 445.66, 440.36, 445.15, 69041700, 59.79,,
2013-05-23, 435.95, 446.16, 435.79, 442.14, 88255300, 59.39,,
2013-05-22, 444.05, 448.35, 438.22, 441.35, 110759600, 59.28,,
2013-05-21, 438.15, 445.48, 434.20, 439.66, 114005500, 59.06,,
2013-05-20, 431.91, 445.80, 430.10, 442.93, 112894600, 59.50,,
2013-05-17, 439.05, 440.09, 431.01, 433.26, 106976100, 58.20,,
2013-05-16, 423.24, 437.85, 418.90, 434.58, 150801000, 58.37,,
2013-05-15, 439.16, 441.00, 422.36, 428.85, 185403400, 57.60,,
2013-05-14, 453.85, 455.20, 442.15, 443.86, 111779500, 59.62,,
2013-05-13, 451.51, 457.90, 451.50, 454.74, 79237200, 61.08,,
2013-05-10, 457.97, 459.71, 450.48, 452.97, 83713000, 60.84,,
2013-05-09, 459.81, 463.00, 455.58, 456.77, 99621900, 61.35, 0.43571, 
2013-05-08, 459.04, 465.37, 455.81, 463.84, 118149500, 61.89,,
2013-05-07, 464.97, 465.75, 453.70, 458.66, 120938300, 61.20,,
2013-05-06, 455.71, 462.20, 454.31, 460.71, 124160400, 61.48,,
2013-05-03, 451.31, 453.23, 449.15, 449.98, 90325200, 60.04,,
2013-05-02, 441.78, 448.59, 440.63, 445.52, 105457100, 59.45,,
2013-05-01, 444.46, 444.93, 434.39, 439.29, 126727300, 58.62,,
2013-04-30, 435.10, 445.25, 432.07, 442.78, 172884600, 59.08,,
2013-04-29, 420.45, 433.62, 420.00, 430.12, 160081600, 57.39,,
2013-04-26, 409.81, 418.77, 408.25, 417.20, 191024400, 55.67,,
2013-04-25, 411.23, 413.94, 407.00, 408.38, 96209400, 54.49,,
2013-04-24, 393.54, 415.25, 392.50, 405.46, 242412800, 54.10,,
2013-04-23, 403.99, 408.38, 398.81, 406.13, 166059600, 54.19,,
2013-04-22, 392.64, 402.20, 391.27, 398.67, 107480100, 53.20,,
2013-04-19, 387.97, 399.60, 385.10, 390.53, 152318600, 52.11,,
2013-04-18, 404.99, 405.79, 389.74, 392.05, 166574800, 52.31,,
2013-04-17, 420.27, 420.60, 398.11, 402.80, 236264000, 53.75,,
2013-04-16, 421.57, 426.61, 420.57, 426.24, 76442800, 56.88,,
2013-04-15, 427.00, 427.89, 419.55, 419.85, 79380000, 56.02,,
2013-04-12, 434.15, 434.15, 429.09, 429.80, 59653300, 57.35,,
2013-04-11, 433.72, 437.99, 431.20, 434.33, 82091100, 57.96,,
2013-04-10, 428.10, 437.06, 426.01, 435.69, 93982000, 58.14,,
2013-04-09, 426.36, 428.50, 422.75, 426.98, 76653500, 56.98,,
2013-04-08, 424.85, 427.50, 422.49, 426.21, 75207300, 56.87,,
2013-04-05, 424.50, 424.95, 419.68, 423.20, 95923800, 56.47,,
2013-04-04, 433.76, 435.00, 425.25, 427.72, 89611900, 57.07,,
2013-04-03, 431.37, 437.28, 430.31, 431.99, 90804000, 57.64,,
2013-04-02, 427.60, 438.14, 426.40, 429.79, 132379800, 57.35,,
2013-04-01, 441.90, 443.70, 427.74, 428.91, 97433000, 57.23,,
2013-03-28, 449.82, 451.82, 441.62, 442.66, 110709900, 59.07,,
2013-03-27, 456.46, 456.80, 450.73, 452.08, 82809300, 60.33,,
2013-03-26, 465.44, 465.84, 460.53, 461.14, 73573500, 61.53,,
2013-03-25, 464.69, 469.95, 461.78, 463.58, 125283900, 61.86,,
2013-03-22, 454.58, 462.10, 453.11, 461.91, 98776300, 61.64,,
2013-03-21, 450.22, 457.98, 450.10, 452.73, 95813900, 60.41,,
2013-03-20, 457.42, 457.63, 449.59, 452.08, 77165200, 60.33,,
2013-03-19, 459.50, 460.97, 448.50, 454.49, 131693800, 60.65,,
2013-03-18, 441.45, 457.46, 441.20, 455.72, 151549300, 60.81,,
2013-03-15, 437.93, 444.23, 437.25, 443.66, 160990200, 59.20,,
2013-03-14, 432.83, 434.64, 430.45, 432.50, 75968900, 57.71,,
2013-03-13, 428.45, 434.50, 425.36, 428.35, 101387300, 57.16,,
2013-03-12, 435.60, 438.88, 427.57, 428.43, 116477900, 57.17,,
2013-03-11, 429.75, 439.01, 425.14, 437.87, 118559000, 58.43,,
2013-03-08, 429.80, 435.43, 428.61, 431.72, 97870500, 57.61,,
2013-03-07, 424.50, 432.01, 421.06, 430.58, 117118400, 57.46,,
2013-03-06, 434.51, 435.25, 424.43, 425.66, 115062500, 56.80,,
2013-03-05, 421.48, 435.19, 420.75, 431.14, 159608400, 57.53,,
2013-03-04, 427.80, 428.20, 419.00, 420.05, 145688900, 56.05,,
2013-03-01, 438.00, 438.18, 429.98, 430.47, 138112100, 57.44,,
2013-02-28, 444.05, 447.87, 441.40, 441.40, 80628800, 58.90,,
2013-02-27, 448.43, 452.44, 440.65, 444.57, 146837600, 59.32,,
2013-02-26, 443.82, 451.54, 437.66, 448.97, 125374900, 59.91,,
2013-02-25, 453.85, 455.12, 442.57, 442.80, 93144800, 59.09,,
2013-02-22, 449.25, 451.60, 446.60, 450.81, 82663700, 60.16,,
2013-02-21, 446.00, 449.17, 442.82, 446.06, 111795600, 59.52,,
2013-02-20, 457.69, 457.69, 448.80, 448.85, 119075600, 59.89,,
2013-02-19, 461.10, 462.73, 453.85, 459.99, 108945900, 61.38,,
2013-02-15, 468.85, 470.16, 459.92, 460.16, 97936300, 61.40,,
2013-02-14, 464.52, 471.64, 464.02, 466.59, 88818800, 62.26,,
2013-02-13, 467.21, 473.64, 463.22, 467.01, 118801900, 62.32,,
2013-02-12, 479.51, 482.38, 467.74, 467.90, 152263300, 62.44,,
2013-02-11, 476.50, 484.94, 473.25, 479.93, 129372600, 64.04,,
2013-02-08, 474.00, 478.81, 468.25, 474.98, 158289600, 63.38,,
2013-02-07, 463.25, 470.00, 454.12, 468.22, 176145200, 62.48, 0.37857, 
2013-02-06, 456.47, 466.50, 452.58, 457.35, 148426600, 60.67,,
2013-02-05, 444.05, 459.74, 442.22, 457.84, 143336900, 60.74,,
2013-02-04, 453.91, 455.94, 442.00, 442.32, 119279300, 58.68,,
2013-02-01, 459.11, 459.48, 448.35, 453.62, 134871100, 60.18,,
2013-01-31, 456.98, 459.28, 454.98, 455.49, 79833600, 60.43,,
2013-01-30, 457.00, 462.60, 454.50, 456.83, 104288800, 60.61,,
2013-01-29, 458.50, 460.20, 452.12, 458.27, 142789500, 60.80,,
2013-01-28, 437.83, 453.21, 435.86, 449.83, 196379400, 59.68,,
2013-01-25, 451.69, 456.23, 435.00, 439.88, 302006600, 58.36,,
2013-01-24, 460.00, 465.73, 450.25, 450.50, 365213100, 59.77,,
2013-01-23, 508.81, 514.99, 504.77, 514.01, 215377400, 68.19,,
2013-01-22, 504.56, 507.88, 496.63, 504.77, 115386600, 66.97,,
2013-01-18, 498.52, 502.22, 496.40, 500.00, 118230700, 66.33,,
2013-01-17, 510.31, 510.75, 502.03, 502.68, 113419600, 66.69,,
2013-01-16, 494.64, 509.44, 492.50, 506.09, 172701200, 67.14,,
2013-01-15, 498.30, 498.99, 483.38, 485.92, 219193100, 64.46,,
2013-01-14, 502.68, 507.50, 498.51, 501.75, 183551900, 66.56,,
2013-01-11, 521.00, 525.32, 519.02, 520.30, 87626700, 69.03,,
2013-01-10, 528.55, 528.72, 515.52, 523.51, 150286500, 69.45,,
2013-01-09, 522.50, 525.01, 515.99, 517.10, 101901100, 68.60,,
2013-01-08, 529.21, 531.89, 521.25, 525.31, 114676800, 69.69,,
2013-01-07, 522.00, 529.30, 515.20, 523.90, 121039100, 69.50,,
2013-01-04, 536.97, 538.63, 525.83, 527.00, 148583400, 69.91,,
2013-01-03, 547.88, 549.67, 541.00, 542.10, 88241300, 71.92,,
2013-01-02, 553.82, 555.00, 541.63, 549.03, 140129500, 72.84,,
2012-12-31, 510.53, 535.40, 509.00, 532.17, 164873100, 70.60,,
2012-12-28, 510.29, 514.48, 508.12, 509.59, 88569600, 67.61,,
2012-12-27, 513.54, 516.25, 504.66, 515.06, 113780100, 68.33,,
2012-12-26, 519.00, 519.46, 511.12, 513.00, 75609100, 68.06,,
2012-12-24, 520.35, 524.25, 518.71, 520.17, 43938300, 69.01,,
2012-12-21, 512.47, 519.67, 510.24, 519.33, 149067100, 68.90,,
2012-12-20, 530.00, 530.20, 518.88, 521.73, 120422400, 69.22,,
2012-12-19, 531.47, 533.70, 525.50, 526.31, 112342300, 69.82,,
2012-12-18, 525.00, 534.90, 520.25, 533.90, 156421300, 70.83,,
2012-12-17, 508.93, 520.00, 501.23, 518.83, 189401800, 68.83,,
2012-12-14, 514.75, 518.13, 505.58, 509.79, 252394800, 67.63,,
2012-12-13, 531.15, 537.64, 525.80, 529.69, 156314900, 70.27,,
2012-12-12, 547.77, 548.00, 536.27, 539.00, 121786000, 71.51,,
2012-12-11, 539.77, 549.56, 537.37, 541.39, 148086400, 71.82,,
2012-12-10, 525.00, 538.51, 521.58, 529.82, 157621100, 70.29,,
2012-12-07, 553.40, 555.20, 530.00, 533.25, 196760200, 70.74,,
2012-12-06, 528.94, 553.31, 518.63, 547.24, 294303100, 72.60,,
2012-12-05, 568.91, 569.25, 538.77, 538.79, 261159500, 71.48,,
2012-12-04, 581.80, 581.80, 572.13, 575.85, 139267100, 76.40,,
2012-12-03, 593.65, 594.59, 585.50, 586.19, 91070000, 77.77,,
2012-11-30, 586.79, 588.40, 582.68, 585.28, 97829900, 77.65,,
2012-11-29, 590.22, 594.25, 585.25, 589.36, 128674700, 78.19,,
2012-11-28, 577.27, 585.80, 572.26, 582.94, 130216100, 77.34,,
2012-11-27, 589.55, 590.42, 580.10, 584.78, 133332500, 77.58,,
2012-11-26, 575.90, 590.00, 573.71, 589.53, 157644900, 78.21,,
2012-11-23, 567.17, 572.00, 562.60, 571.50, 68206600, 75.82,,
2012-11-21, 564.25, 567.37, 556.60, 561.70, 93250500, 74.52,,
2012-11-20, 571.91, 571.95, 554.58, 560.91, 160688500, 74.41,,
2012-11-19, 540.71, 567.50, 539.88, 565.73, 205829400, 75.05,,
2012-11-16, 525.20, 530.00, 505.75, 527.68, 316723400, 70.00,,
2012-11-15, 537.53, 539.50, 522.62, 525.62, 197477700, 69.73,,
2012-11-14, 545.50, 547.45, 536.18, 536.88, 119292600, 71.23,,
2012-11-13, 538.91, 550.48, 536.36, 542.90, 133237300, 72.02,,
2012-11-12, 554.15, 554.50, 538.65, 542.83, 128950500, 72.01,,
2012-11-09, 540.42, 554.88, 533.72, 547.06, 232478400, 72.58,,
2012-11-08, 560.63, 562.23, 535.29, 537.75, 264036500, 71.34,,
2012-11-07, 573.84, 574.54, 555.75, 558.00, 198412200, 74.03, 0.37857, 
2012-11-06, 590.23, 590.74, 580.09, 582.85, 93729300, 76.97,,
2012-11-05, 583.52, 587.77, 577.60, 584.62, 132283900, 77.21,,
2012-11-02, 595.89, 596.95, 574.75, 576.80, 149843400, 76.17,,
2012-11-01, 598.22, 603.00, 594.17, 596.54, 90324500, 78.78,,
2012-10-31, 594.88, 601.96, 587.70, 595.32, 127500800, 78.62,,
2012-10-26, 609.43, 614.00, 591.00, 604.00, 254608200, 79.77,,
2012-10-25, 620.00, 622.00, 605.55, 609.54, 164081400, 80.50,,
2012-10-24, 621.44, 626.55, 610.64, 616.83, 139631800, 81.46,,
2012-10-23, 631.00, 633.90, 611.70, 613.36, 176786400, 81.00,,
2012-10-22, 612.42, 635.38, 610.76, 634.03, 136682700, 83.73,,
2012-10-19, 631.05, 631.77, 609.62, 609.84, 186021500, 80.54,,
2012-10-18, 639.59, 642.06, 630.00, 632.64, 119156100, 83.55,,
2012-10-17, 648.87, 652.79, 644.00, 644.61, 97259400, 85.13,,
2012-10-16, 635.37, 650.30, 631.00, 649.79, 137442900, 85.81,,
2012-10-15, 632.35, 635.13, 623.85, 634.76, 108125500, 83.83,,
2012-10-12, 629.56, 635.38, 625.30, 629.71, 115003700, 83.16,,
2012-10-11, 646.50, 647.20, 628.10, 628.10, 136520300, 82.95,,
2012-10-10, 639.74, 644.98, 637.00, 640.91, 127589000, 84.64,,
2012-10-09, 638.65, 640.49, 623.55, 635.85, 209649300, 83.97,,
2012-10-08, 646.88, 647.56, 636.11, 638.17, 159498500, 84.28,,
2012-10-05, 665.20, 666.00, 651.28, 652.59, 148501500, 86.18,,
2012-10-04, 671.25, 674.25, 665.55, 666.80, 92681400, 88.06,,
2012-10-03, 664.86, 671.86, 662.63, 671.45, 106070300, 88.67,,
2012-10-02, 661.81, 666.35, 650.65, 661.31, 156998100, 87.33,,
2012-10-01, 671.16, 676.75, 656.50, 659.39, 135898700, 87.08,,
2012-09-28, 678.75, 681.11, 666.75, 667.10, 133777700, 88.10,,
2012-09-27, 664.29, 682.17, 660.35, 681.32, 148522500, 89.98,,
2012-09-26, 668.74, 672.69, 661.20, 665.18, 144125800, 87.85,,
2012-09-25, 688.26, 692.78, 673.00, 673.54, 129697400, 88.95,,
2012-09-24, 686.86, 695.12, 683.00, 690.79, 159941600, 91.23,,
2012-09-21, 702.41, 705.07, 699.36, 700.09, 142897300, 92.46,,
2012-09-20, 699.16, 700.06, 693.62, 698.70, 84142100, 92.27,,
2012-09-19, 700.26, 703.99, 699.57, 702.10, 81718700, 92.72,,
2012-09-18, 699.88, 702.33, 696.42, 701.91, 93375800, 92.70,,
2012-09-17, 699.35, 699.80, 694.61, 699.78, 99507800, 92.41,,
2012-09-14, 689.96, 696.98, 687.89, 691.28, 150118500, 91.29,,
2012-09-13, 677.37, 685.50, 674.77, 682.98, 149590000, 90.20,,
2012-09-12, 666.85, 669.90, 656.00, 669.79, 178058300, 88.45,,
2012-09-11, 665.11, 670.10, 656.50, 660.59, 125995800, 87.24,,
2012-09-10, 680.45, 683.29, 662.10, 662.74, 121999500, 87.52,,
2012-09-07, 678.05, 682.48, 675.77, 680.44, 82416600, 89.86,,
2012-09-06, 673.17, 678.29, 670.80, 676.27, 97799100, 89.31,,
2012-09-05, 675.57, 676.35, 669.60, 670.23, 84093800, 88.51,,
2012-09-04, 665.76, 675.14, 664.50, 674.97, 91973000, 89.14,,
2012-08-31, 667.25, 668.60, 657.25, 665.24, 84580300, 87.85,,
2012-08-30, 670.64, 671.55, 662.85, 663.87, 75674900, 87.67,,
2012-08-29, 675.25, 677.67, 672.60, 673.47, 50701700, 88.94,,
2012-08-28, 674.98, 676.10, 670.67, 674.80, 66854200, 89.12,,
2012-08-27, 679.99, 680.87, 673.54, 675.68, 106752100, 89.23,,
2012-08-24, 659.51, 669.48, 655.55, 663.22, 109335100, 87.59,,
2012-08-23, 666.11, 669.90, 661.15, 662.63, 105032200, 87.51,,
2012-08-22, 654.42, 669.00, 648.11, 668.87, 141330700, 88.33,,
2012-08-21, 670.82, 674.88, 650.33, 656.06, 203179900, 86.64,,
2012-08-20, 650.01, 665.15, 649.90, 665.15, 153346200, 87.84,,
2012-08-17, 640.00, 648.19, 638.81, 648.11, 110690300, 85.59,,
2012-08-16, 631.21, 636.76, 630.50, 636.34, 63633500, 84.04,,
2012-08-15, 631.30, 634.00, 627.75, 630.83, 64335600, 83.31,,
2012-08-14, 631.87, 638.61, 630.21, 631.69, 85042300, 83.42,,
2012-08-13, 623.39, 630.00, 623.25, 630.00, 69708100, 83.20,,
2012-08-10, 618.71, 621.76, 618.70, 621.70, 48734700, 82.10,,
2012-08-09, 617.85, 621.73, 617.80, 620.73, 55410600, 81.98, 0.37857, 
2012-08-08, 619.39, 623.88, 617.10, 619.86, 61176500, 81.51,,
2012-08-07, 622.77, 625.00, 618.04, 620.91, 72611700, 81.65,,
2012-08-06, 617.29, 624.87, 615.26, 622.55, 75525800, 81.86,,
2012-08-03, 613.63, 617.98, 611.56, 615.70, 86230200, 80.96,,
2012-08-02, 602.84, 610.69, 600.25, 607.79, 83039600, 79.92,,
2012-08-01, 615.91, 616.40, 603.00, 606.81, 96125400, 79.79,,
2012-07-31, 603.23, 611.70, 602.72, 610.76, 115581900, 80.31,,
2012-07-30, 590.92, 599.44, 587.82, 595.03, 94785600, 78.25,,
2012-07-27, 575.01, 585.83, 571.59, 585.16, 100984100, 76.95,,
2012-07-26, 579.76, 580.40, 570.36, 574.88, 101658200, 75.60,,
2012-07-25, 574.46, 580.80, 570.00, 574.97, 219328200, 75.61,,
2012-07-24, 607.38, 609.68, 598.51, 600.92, 141283100, 79.02,,
2012-07-23, 594.40, 605.90, 587.71, 603.83, 121993900, 79.40,,
2012-07-20, 613.03, 614.44, 603.70, 604.30, 99367800, 79.46,,
2012-07-19, 611.28, 615.35, 606.00, 614.32, 109215400, 80.78,,
2012-07-18, 606.59, 608.34, 603.56, 606.26, 63175000, 79.72,,
2012-07-17, 610.79, 611.50, 603.15, 606.94, 73406200, 79.81,,
2012-07-16, 605.12, 611.62, 605.02, 606.91, 75315100, 79.81,,
2012-07-13, 602.95, 607.19, 600.00, 604.97, 77856800, 79.55,,
2012-07-12, 600.24, 603.47, 592.68, 598.90, 107010400, 78.75,,
2012-07-11, 606.12, 607.66, 597.22, 604.43, 117330500, 79.48,,
2012-07-10, 617.97, 619.87, 605.31, 608.21, 127989400, 79.98,,
2012-07-09, 605.30, 613.90, 604.11, 613.89, 94851400, 80.73,,
2012-07-06, 607.09, 608.44, 601.58, 605.88, 104732600, 79.67,,
2012-07-05, 600.56, 614.34, 599.65, 609.94, 121095800, 80.21,,
2012-07-03, 594.88, 600.00, 594.00, 599.41, 60428200, 78.82,,
2012-07-02, 584.73, 593.47, 583.60, 592.52, 100023000, 77.92,,
2012-06-29, 578.00, 584.00, 574.25, 584.00, 105375200, 76.79,,
2012-06-28, 571.67, 574.00, 565.61, 569.05, 70709100, 74.83,,
2012-06-27, 575.00, 576.74, 571.92, 574.50, 50749300, 75.55,,
2012-06-26, 571.33, 574.49, 567.33, 572.03, 69134100, 75.22,,
2012-06-25, 577.30, 579.80, 570.37, 570.77, 76095600, 75.06,,
2012-06-22, 579.04, 582.19, 575.42, 582.10, 71117900, 76.54,,
2012-06-21, 585.44, 588.22, 577.44, 577.67, 81587800, 75.96,,
2012-06-20, 588.21, 589.25, 580.80, 585.74, 89735800, 77.02,,
2012-06-19, 583.40, 590.00, 583.10, 587.41, 90351100, 77.24,,
2012-06-18, 570.96, 587.89, 570.37, 585.78, 110103000, 77.03,,
2012-06-15, 571.00, 574.62, 569.55, 574.13, 83813800, 75.50,,
2012-06-14, 571.24, 573.50, 567.26, 571.53, 86393300, 75.15,,
2012-06-13, 574.52, 578.48, 570.38, 572.16, 73395000, 75.24,,
2012-06-12, 574.46, 576.62, 566.70, 576.16, 108845100, 75.76,,
2012-06-11, 587.72, 588.50, 570.63, 571.17, 147816200, 75.11,,
2012-06-08, 571.60, 580.58, 569.00, 580.32, 86879100, 76.31,,
2012-06-07, 577.29, 577.32, 570.50, 571.72, 94941700, 75.18,,
2012-06-06, 567.77, 573.85, 565.50, 571.46, 100363900, 75.15,,
2012-06-05, 561.27, 566.47, 558.33, 562.83, 97053600, 74.01,,
2012-06-04, 561.50, 567.50, 548.50, 564.29, 139248900, 74.20,,
2012-06-01, 569.16, 572.65, 560.52, 560.99, 130246900, 73.77,,
2012-05-31, 580.74, 581.50, 571.46, 577.73, 122918600, 75.97,,
2012-05-30, 569.20, 579.99, 566.56, 579.17, 132357400, 76.16,,
2012-05-29, 570.90, 574.00, 565.31, 572.27, 95127200, 75.25,,
2012-05-25, 564.59, 565.85, 558.47, 562.29, 82126800, 73.94,,
2012-05-24, 575.87, 576.50, 561.23, 565.32, 124057500, 74.34,,
2012-05-23, 557.50, 572.80, 553.23, 570.56, 146224400, 75.03,,
2012-05-22, 569.55, 573.88, 552.58, 556.97, 173717600, 73.24,,
2012-05-21, 534.50, 561.54, 534.05, 561.28, 157776500, 73.81,,
2012-05-18, 533.96, 543.41, 522.18, 530.38, 183073100, 69.74,,
2012-05-17, 545.31, 547.50, 530.12, 530.12, 179305000, 69.71,,
2012-05-16, 554.05, 556.89, 541.04, 546.08, 140224000, 71.81,,
2012-05-15, 561.45, 563.22, 551.75, 553.17, 119084000, 72.74,,
2012-05-14, 562.57, 567.51, 557.60, 558.22, 88156600, 73.40,,
2012-05-11, 565.00, 574.47, 564.35, 566.71, 99886500, 74.52,,
2012-05-10, 574.58, 575.88, 568.44, 570.52, 83300000, 75.02,,
2012-05-09, 563.70, 573.98, 560.85, 569.18, 120176000, 74.85,,
2012-05-08, 569.58, 571.50, 558.73, 568.18, 124313000, 74.71,,
2012-05-07, 561.50, 572.77, 561.23, 569.48, 115029600, 74.89,,
2012-05-04, 577.08, 578.36, 565.17, 565.25, 132498100, 74.33,,
2012-05-03, 590.50, 591.40, 580.30, 581.82, 97637400, 76.51,,
2012-05-02, 580.24, 587.40, 578.86, 585.98, 106847300, 77.06,,
2012-05-01, 584.90, 596.76, 581.23, 582.13, 152749800, 76.55,,
2012-04-30, 597.80, 598.40, 583.00, 583.98, 126536200, 76.79,,
2012-04-27, 605.07, 606.18, 600.50, 603.00, 101680600, 79.29,,
2012-04-26, 614.27, 614.69, 602.13, 607.70, 134017100, 79.91,,
2012-04-25, 615.64, 618.00, 606.00, 610.00, 226444400, 80.21,,
2012-04-24, 562.61, 567.69, 555.00, 560.28, 269037300, 73.68,,
2012-04-23, 570.61, 576.67, 556.62, 571.70, 241632300, 75.18,,
2012-04-20, 591.38, 594.62, 570.42, 572.98, 257746300, 75.35,,
2012-04-19, 600.22, 604.73, 584.52, 587.44, 208679800, 77.25,,
2012-04-18, 613.72, 620.25, 602.71, 608.34, 238632800, 80.00,,
2012-04-17, 578.94, 610.00, 571.91, 609.70, 256382000, 80.17,,
2012-04-16, 610.06, 610.28, 578.25, 580.13, 262696700, 76.29,,
2012-04-13, 624.11, 624.70, 603.51, 605.23, 214911200, 79.59,,
2012-04-12, 625.00, 631.33, 620.50, 622.77, 153584200, 81.89,,
2012-04-11, 636.20, 636.87, 623.34, 626.20, 174153700, 82.34,,
2012-04-10, 639.93, 644.00, 626.00, 628.44, 222431300, 82.64,,
2012-04-09, 626.13, 639.84, 625.30, 636.23, 149384200, 83.66,,
2012-04-05, 626.98, 634.66, 623.40, 633.68, 160324500, 83.33,,
2012-04-04, 624.35, 625.86, 617.00, 624.31, 143245200, 82.10,,
2012-04-03, 627.30, 632.21, 622.51, 629.32, 208639900, 82.75,,
2012-04-02, 601.83, 618.77, 600.38, 618.63, 149587900, 81.35,,
2012-03-30, 608.77, 610.56, 597.94, 599.55, 182759500, 78.84,,
2012-03-29, 612.78, 616.56, 607.23, 609.86, 152059600, 80.20,,
2012-03-28, 618.38, 621.45, 610.31, 617.62, 163865100, 81.22,,
2012-03-27, 606.18, 616.28, 606.06, 614.48, 151782400, 80.80,,
2012-03-26, 599.79, 607.15, 595.26, 606.98, 148935500, 79.82,,
2012-03-23, 600.49, 601.80, 594.40, 596.05, 107622200, 78.38,,
2012-03-22, 597.78, 604.50, 595.53, 599.34, 155967700, 78.81,,
2012-03-21, 602.74, 609.65, 601.41, 602.50, 161010500, 79.23,,
2012-03-20, 599.51, 606.90, 591.48, 605.96, 204165500, 79.68,,
2012-03-19, 598.37, 601.77, 589.05, 601.10, 225309000, 79.04,,
2012-03-16, 584.72, 589.20, 578.00, 585.57, 206371900, 77.00,,
2012-03-15, 599.61, 600.01, 578.55, 585.56, 289929500, 77.00,,
2012-03-14, 578.05, 594.72, 575.40, 589.58, 354711000, 77.53,,
2012-03-13, 557.54, 568.18, 555.75, 568.10, 172713800, 74.70,,
2012-03-12, 548.98, 552.00, 547.00, 552.00, 101820600, 72.59,,
2012-03-09, 544.21, 547.74, 543.11, 545.17, 104729800, 71.69,,
2012-03-08, 534.69, 542.99, 532.12, 541.99, 129114300, 71.27,,
2012-03-07, 536.80, 537.78, 523.30, 530.69, 199630200, 69.78,,
2012-03-06, 523.66, 533.69, 516.22, 530.26, 202559700, 69.73,,
2012-03-05, 545.42, 547.48, 526.00, 533.16, 202281100, 70.11,,
2012-03-02, 544.24, 546.80, 542.52, 545.18, 107928100, 71.69,,
2012-03-01, 548.17, 548.21, 538.77, 544.47, 170817500, 71.60,,
2012-02-29, 541.56, 547.61, 535.70, 542.44, 238002800, 71.33,,
2012-02-28, 527.96, 535.41, 525.85, 535.41, 150096800, 70.41,,
2012-02-27, 521.31, 528.50, 516.28, 525.76, 136895500, 69.14,,
2012-02-24, 519.67, 522.90, 518.64, 522.41, 103768000, 68.70,,
2012-02-23, 515.08, 517.83, 509.50, 516.39, 142006900, 67.90,,
2012-02-22, 513.08, 515.49, 509.07, 513.04, 120825600, 67.46,,
2012-02-21, 506.88, 514.85, 504.12, 514.85, 151398800, 67.70,,
2012-02-17, 503.11, 507.77, 500.30, 502.12, 133951300, 66.03,,
2012-02-16, 491.50, 504.89, 486.63, 502.21, 236138000, 66.04,,
2012-02-15, 514.26, 526.29, 496.89, 497.67, 376530000, 65.44,,
2012-02-14, 504.66, 509.56, 502.00, 509.46, 115099600, 66.99,,
2012-02-13, 499.53, 503.83, 497.09, 502.60, 129304000, 66.09,,
2012-02-10, 490.96, 497.62, 488.55, 493.42, 157825500, 64.88,,
2012-02-09, 480.76, 496.75, 480.56, 493.17, 221053700, 64.85,,
2012-02-08, 470.50, 476.79, 469.70, 476.68, 101972500, 62.68,,
2012-02-07, 465.25, 469.75, 464.58, 468.83, 79055900, 61.65,,
2012-02-06, 458.38, 464.98, 458.20, 463.97, 62353200, 61.01,,
2012-02-03, 457.30, 460.00, 455.56, 459.68, 71649900, 60.45,,
2012-02-02, 455.90, 457.17, 453.98, 455.12, 46699100, 59.85,,
2012-02-01, 458.41, 458.99, 455.55, 456.19, 67511500, 59.99,,
2012-01-31, 455.59, 458.24, 453.07, 456.48, 97920900, 60.03,,
2012-01-30, 445.71, 453.90, 445.39, 453.01, 94835300, 59.57,,
2012-01-27, 444.34, 448.48, 443.77, 447.28, 74927300, 58.82,,
2012-01-26, 448.36, 448.79, 443.14, 444.63, 80996300, 58.47,,
2012-01-25, 454.44, 454.45, 443.73, 446.66, 239578500, 58.73,,
2012-01-24, 425.10, 425.10, 419.55, 420.41, 136909500, 55.28,,
2012-01-23, 422.67, 428.45, 422.30, 427.41, 76515600, 56.20,,
2012-01-20, 427.49, 427.50, 419.75, 420.30, 103493600, 55.27,,
2012-01-19, 430.15, 431.37, 426.51, 427.75, 65434600, 56.25,,
2012-01-18, 426.96, 429.47, 426.30, 429.11, 69197800, 56.43,,
2012-01-17, 424.20, 425.99, 422.96, 424.70, 60724300, 55.85,,
2012-01-13, 419.70, 420.45, 418.66, 419.81, 56505400, 55.20,,
2012-01-12, 422.28, 422.90, 418.75, 421.39, 53146800, 55.41,,
2012-01-11, 422.68, 422.85, 419.31, 422.55, 53771200, 55.56,,
2012-01-10, 425.91, 426.00, 421.50, 423.24, 64549100, 55.66,,
2012-01-09, 425.50, 427.75, 421.35, 421.73, 98506100, 55.46,,
2012-01-06, 419.77, 422.75, 419.22, 422.40, 79573200, 55.54,,
2012-01-05, 414.95, 418.55, 412.67, 418.03, 67817400, 54.97,,
2012-01-04, 410.00, 414.68, 409.28, 413.44, 65005500, 54.37,,
2012-01-03, 409.40, 412.50, 409.00, 411.23, 75555200, 54.08,,
2011-12-30, 403.51, 406.28, 403.49, 405.00, 44915500, 53.26,,
2011-12-29, 403.40, 405.65, 400.51, 405.12, 53994500, 53.27,,
2011-12-28, 406.89, 408.25, 401.34, 402.64, 57165500, 52.95,,
2011-12-27, 403.10, 409.09, 403.02, 406.53, 66269000, 53.46,,
2011-12-23, 399.69, 403.59, 399.49, 403.33, 67349800, 53.04,,
2011-12-22, 397.00, 399.13, 396.10, 398.55, 50589700, 52.41,,
2011-12-21, 396.69, 397.30, 392.01, 396.45, 65737000, 52.13,,
2011-12-20, 387.76, 396.10, 387.26, 395.95, 84303800, 52.07,,
2011-12-19, 382.47, 384.85, 380.48, 382.21, 58882600, 50.26,,
2011-12-16, 380.36, 384.15, 379.57, 381.02, 105369600, 50.10,,
2011-12-15, 383.33, 383.74, 378.31, 378.94, 64050000, 49.83,,
2011-12-14, 386.70, 387.38, 377.68, 380.19, 101721900, 49.99,,
2011-12-13, 393.00, 395.40, 387.10, 388.81, 84732200, 51.13,,
2011-12-12, 391.68, 393.90, 389.45, 391.84, 75266800, 51.53,,
2011-12-09, 392.85, 394.04, 391.03, 393.62, 74248300, 51.76,,
2011-12-08, 391.45, 395.50, 390.23, 390.66, 94089100, 51.37,,
2011-12-07, 389.93, 390.94, 386.76, 389.09, 76186600, 51.16,,
2011-12-06, 392.51, 394.63, 389.38, 390.95, 70899500, 51.41,,
2011-12-05, 393.49, 396.41, 390.39, 393.01, 89302500, 51.68,,
2011-12-02, 389.83, 393.63, 388.58, 389.70, 94763900, 51.24,,
2011-12-01, 382.54, 389.00, 380.75, 387.93, 96795300, 51.01,,
2011-11-30, 381.29, 382.28, 378.30, 382.20, 101484600, 50.26,,
2011-11-29, 375.84, 378.83, 370.20, 373.20, 93963800, 49.07,,
2011-11-28, 372.35, 376.72, 370.33, 376.12, 86603300, 49.46,,
2011-11-25, 368.42, 371.15, 363.32, 363.57, 63690200, 47.81,,
2011-11-23, 374.51, 375.84, 366.88, 366.99, 107067800, 48.26,,
2011-11-22, 371.02, 377.93, 370.94, 376.51, 102255300, 49.51,,
2011-11-21, 370.40, 371.68, 365.91, 369.01, 111995100, 48.52,,
2011-11-18, 378.92, 379.99, 374.88, 374.94, 92984500, 49.30,,
2011-11-17, 383.98, 384.58, 375.50, 377.41, 119975100, 49.63,,
2011-11-16, 389.25, 391.14, 384.32, 384.77, 87302600, 50.60,,
2011-11-15, 380.80, 389.50, 379.45, 388.83, 107702700, 51.13,,
2011-11-14, 383.52, 385.25, 378.20, 379.26, 108226300, 49.87,,
2011-11-11, 386.61, 388.70, 380.26, 384.62, 163446500, 50.58,,
2011-11-10, 397.03, 397.21, 382.15, 385.22, 186188100, 50.66,,
2011-11-09, 396.97, 400.89, 394.23, 395.28, 139671000, 51.98,,
2011-11-08, 402.21, 408.00, 401.56, 406.23, 100110500, 53.42,,
2011-11-07, 399.91, 400.00, 396.13, 399.73, 67568900, 52.56,,
2011-11-04, 402.03, 403.44, 399.16, 400.24, 75557300, 52.63,,
2011-11-03, 399.07, 403.40, 395.36, 403.07, 110346600, 53.00,,
2011-11-02, 400.09, 400.44, 395.11, 397.41, 81837700, 52.26,,
2011-11-01, 397.41, 399.50, 393.22, 396.51, 132947500, 52.14,,
2011-10-31, 402.42, 409.33, 401.05, 404.78, 96375300, 53.23,,
2011-10-28, 403.00, 406.35, 402.51, 404.95, 80710700, 53.25,,
2011-10-27, 407.56, 409.00, 401.89, 404.69, 123666200, 53.22,,
2011-10-26, 401.76, 402.55, 393.15, 400.60, 114076200, 52.68,,
2011-10-25, 405.03, 406.55, 397.38, 397.77, 107606800, 52.31,,
2011-10-24, 396.18, 406.50, 395.40, 405.77, 125534500, 53.36,,
2011-10-21, 398.10, 399.14, 390.75, 392.87, 155311100, 51.66,,
2011-10-20, 400.00, 400.35, 394.21, 395.31, 137317600, 51.98,,
2011-10-19, 401.35, 408.42, 397.80, 398.62, 276014900, 52.42,,
2011-10-18, 421.76, 424.81, 415.99, 422.24, 220400600, 55.52,,
2011-10-17, 421.74, 426.70, 415.94, 419.99, 171511200, 55.23,,
2011-10-14, 416.83, 422.00, 415.27, 422.00, 143341800, 55.49,,
2011-10-13, 404.98, 408.43, 402.85, 408.43, 106546300, 53.71,,
2011-10-12, 407.34, 409.25, 400.14, 402.19, 155571500, 52.89,,
2011-10-11, 392.57, 403.18, 391.50, 400.29, 151421900, 52.64,,
2011-10-10, 379.09, 388.81, 378.21, 388.81, 110628700, 51.13,,
2011-10-07, 375.78, 377.74, 368.49, 369.80, 133864500, 48.63,,
2011-10-06, 373.33, 384.78, 371.80, 377.37, 203145600, 49.62,,
2011-10-05, 367.86, 379.82, 360.30, 378.25, 196617400, 49.74,,
2011-10-04, 374.57, 381.80, 354.24, 372.50, 308419300, 48.98,,
2011-10-03, 380.37, 382.64, 373.17, 374.60, 167274800, 49.26,,
2011-09-30, 387.12, 388.89, 381.18, 381.32, 136910200, 50.14,,
2011-09-29, 401.92, 402.21, 386.21, 390.57, 162771700, 51.36,,
2011-09-28, 400.19, 403.74, 396.51, 397.01, 107409400, 52.21,,
2011-09-27, 408.73, 409.25, 398.06, 399.26, 158124400, 52.50,,
2011-09-26, 399.86, 403.98, 391.30, 403.17, 203219100, 53.02,,
2011-09-23, 400.28, 406.74, 399.85, 404.30, 136569300, 53.16,,
2011-09-22, 401.03, 409.82, 396.70, 401.82, 242120200, 52.84,,
2011-09-21, 419.64, 421.59, 412.00, 412.14, 151494000, 54.20,,
2011-09-20, 415.25, 422.86, 411.19, 413.45, 193938500, 54.37,,
2011-09-19, 397.00, 413.23, 395.20, 411.63, 205965200, 54.13,,
2011-09-16, 395.54, 400.50, 395.03, 400.50, 174628300, 52.66,,
2011-09-15, 391.43, 393.66, 389.90, 392.96, 104454700, 51.67,,
2011-09-14, 387.02, 392.21, 385.76, 389.30, 133681100, 51.19,,
2011-09-13, 382.14, 386.21, 380.25, 384.62, 110140100, 50.58,,
2011-09-12, 373.00, 380.88, 371.90, 379.94, 116958100, 49.96,,
2011-09-09, 383.93, 386.00, 375.02, 377.48, 141203300, 49.64,,
2011-09-08, 382.40, 388.61, 382.31, 384.14, 104039600, 50.51,,
2011-09-07, 385.56, 385.60, 382.00, 383.93, 87644200, 50.49,,
2011-09-06, 367.37, 380.33, 366.48, 379.74, 127424500, 49.93,,
2011-09-02, 374.74, 378.00, 371.83, 374.05, 109734800, 49.19,,
2011-09-01, 385.82, 387.34, 380.72, 381.03, 85931300, 50.10,,
2011-08-31, 390.57, 392.08, 381.86, 384.83, 130646600, 50.60,,
2011-08-30, 388.25, 391.84, 386.21, 389.99, 104480600, 51.28,,
2011-08-29, 388.18, 391.50, 388.00, 389.97, 101317300, 51.28,,
2011-08-26, 371.17, 383.80, 370.80, 383.58, 160369300, 50.44,,
2011-08-25, 365.08, 375.45, 365.00, 373.72, 217836500, 49.14,,
2011-08-24, 373.47, 378.96, 370.60, 376.18, 156566900, 49.47,,
2011-08-23, 360.30, 373.64, 357.00, 373.60, 164208800, 49.13,,
2011-08-22, 364.51, 364.88, 355.09, 356.44, 133828800, 46.87,,
2011-08-19, 362.17, 367.00, 356.00, 356.03, 193972100, 46.82,,
2011-08-18, 370.84, 372.65, 361.37, 366.05, 212858800, 48.13,,
2011-08-17, 382.31, 384.52, 378.00, 380.44, 110515300, 50.03,,
2011-08-16, 381.52, 383.37, 376.06, 380.48, 124687500, 50.03,,
2011-08-15, 379.63, 384.97, 378.09, 383.41, 115136000, 50.42,,
2011-08-12, 378.07, 379.64, 374.23, 376.99, 132244000, 49.57,,
2011-08-11, 370.52, 375.45, 364.72, 373.70, 185492300, 49.14,,
2011-08-10, 371.15, 374.65, 362.50, 363.69, 219664200, 47.82,,
2011-08-09, 361.30, 374.61, 355.00, 374.01, 270645900, 49.18,,
2011-08-08, 361.69, 367.77, 353.02, 353.21, 285958400, 46.45,,
2011-08-05, 380.44, 383.50, 362.57, 373.62, 301147700, 49.13,,
2011-08-04, 389.41, 391.32, 377.35, 377.37, 217851900, 49.62,,
2011-08-03, 390.98, 393.55, 382.24, 392.57, 183127000, 51.62,,
2011-08-02, 397.65, 397.90, 388.35, 388.91, 159884900, 51.14,,
2011-08-01, 397.78, 399.50, 392.37, 396.75, 153209000, 52.17,,
2011-07-29, 387.64, 395.15, 384.00, 390.48, 158146100, 51.35,,
2011-07-28, 391.62, 396.99, 388.13, 391.82, 148508500, 51.52,,
2011-07-27, 400.59, 402.64, 392.15, 392.59, 164831100, 51.62,,
2011-07-26, 400.00, 404.50, 399.68, 403.41, 119145600, 53.05,,
2011-07-25, 390.35, 400.00, 389.62, 398.50, 147451500, 52.40,,
2011-07-22, 388.32, 395.05, 387.75, 393.30, 129182200, 51.72,,
2011-07-21, 386.95, 390.06, 383.90, 387.29, 131633600, 50.93,,
2011-07-20, 396.12, 396.27, 386.00, 386.90, 235335100, 50.88,,
2011-07-19, 378.00, 378.65, 373.32, 376.85, 204786400, 49.55,,
2011-07-18, 365.43, 374.65, 365.28, 373.80, 143163300, 49.15,,
2011-07-15, 361.17, 365.00, 359.17, 364.92, 121116800, 47.99,,
2011-07-14, 361.01, 361.61, 356.34, 357.77, 107633400, 47.05,,
2011-07-13, 358.33, 360.00, 356.38, 358.02, 97909700, 47.08,,
2011-07-12, 353.53, 357.68, 348.62, 353.75, 112902300, 46.52,,
2011-07-11, 356.34, 359.77, 352.82, 354.00, 110668600, 46.55,,
2011-07-08, 353.34, 360.00, 352.20, 359.71, 122408300, 47.30,,
2011-07-07, 354.67, 358.00, 354.00, 357.20, 99915900, 46.97,,
2011-07-06, 348.95, 354.10, 346.71, 351.76, 111156500, 46.26,,
2011-07-05, 343.00, 349.83, 342.50, 349.43, 88763500, 45.95,,
2011-07-01, 335.95, 343.50, 334.20, 343.26, 108828300, 45.14,,
2011-06-30, 334.70, 336.13, 332.84, 335.67, 80738700, 44.14,,
2011-06-29, 336.04, 336.37, 331.88, 334.04, 88136300, 43.93,,
2011-06-28, 333.65, 336.70, 333.44, 335.26, 73574900, 44.09,,
2011-06-27, 327.59, 333.90, 327.25, 332.04, 84953400, 43.66,,
2011-06-24, 331.37, 333.15, 325.09, 326.35, 109951800, 42.91,,
2011-06-23, 318.94, 331.69, 318.12, 331.23, 139939800, 43.56,,
2011-06-22, 325.16, 328.90, 322.38, 322.61, 97645800, 42.42,,
2011-06-21, 316.68, 325.80, 315.20, 325.30, 123345600, 42.78,,
2011-06-20, 317.36, 317.70, 310.50, 315.32, 160161400, 41.46,,
2011-06-17, 328.99, 329.25, 319.36, 320.26, 153755000, 42.11,,
2011-06-16, 326.90, 328.68, 318.33, 325.16, 127647800, 42.76,,
2011-06-15, 329.75, 330.30, 324.88, 326.75, 99799000, 42.97,,
2011-06-14, 330.00, 333.25, 329.31, 332.44, 83642300, 43.72,,
2011-06-13, 327.20, 328.31, 325.07, 326.60, 82368300, 42.95,,
2011-06-10, 330.55, 331.66, 325.51, 325.90, 108488800, 42.86,,
2011-06-09, 333.25, 333.67, 330.75, 331.49, 68772200, 43.59,,
2011-06-08, 331.78, 334.80, 330.65, 332.24, 83430900, 43.69,,
2011-06-07, 338.17, 338.22, 331.90, 332.04, 132446300, 43.66,,
2011-06-06, 345.70, 347.05, 337.81, 338.04, 115485300, 44.45,,
2011-06-03, 343.18, 345.33, 342.01, 343.44, 78312500, 45.16,,
2011-06-02, 346.50, 347.98, 344.30, 346.10, 84695800, 45.51,,
2011-06-01, 348.87, 352.13, 344.65, 345.51, 138670700, 45.43,,
2011-05-31, 341.10, 347.83, 341.00, 347.83, 104438600, 45.74,,
2011-05-27, 334.80, 337.63, 334.31, 337.41, 50899800, 44.37,,
2011-05-26, 335.97, 336.89, 334.43, 335.00, 55640200, 44.05,,
2011-05-25, 333.43, 338.56, 332.85, 336.78, 73556000, 44.29,,
2011-05-24, 335.50, 335.90, 331.34, 332.19, 80481800, 43.68,,
2011-05-23, 329.97, 335.98, 329.42, 334.40, 95900000, 43.97,,
2011-05-20, 339.56, 340.95, 335.02, 335.22, 84492100, 44.08,,
2011-05-19, 342.08, 342.41, 338.67, 340.53, 65292500, 44.78,,
2011-05-18, 336.47, 341.05, 336.00, 339.87, 83694100, 44.69,,
2011-05-17, 332.00, 336.14, 330.73, 336.14, 113083600, 44.20,,
2011-05-16, 339.20, 341.22, 332.60, 333.30, 112443800, 43.83,,
2011-05-13, 345.66, 346.25, 340.35, 340.50, 81529000, 44.78,,
2011-05-12, 346.12, 347.12, 342.27, 346.57, 80500000, 45.57,,
2011-05-11, 349.02, 350.00, 345.24, 347.23, 84000000, 45.66,,
2011-05-10, 348.89, 349.69, 346.66, 349.45, 70522900, 45.95,,
2011-05-09, 347.86, 349.20, 346.53, 347.60, 51186800, 45.71,,
2011-05-06, 349.69, 350.00, 346.21, 346.66, 70033600, 45.59,,
2011-05-05, 348.40, 350.95, 346.05, 346.75, 83992300, 45.60,,
2011-05-04, 348.26, 351.83, 346.88, 349.57, 97312600, 45.97,,
2011-05-03, 347.99, 349.89, 345.62, 348.20, 78337000, 45.79,,
2011-05-02, 349.74, 350.47, 345.50, 346.28, 110678400, 45.54,,
2011-04-29, 346.78, 353.95, 346.67, 350.13, 251586300, 46.04,,
2011-04-28, 346.19, 349.75, 345.52, 346.75, 90239800, 45.60,,
2011-04-27, 352.24, 352.35, 347.10, 350.15, 89053300, 46.04,,
2011-04-26, 353.62, 354.99, 349.35, 350.42, 84700000, 46.08,,
2011-04-25, 350.34, 353.75, 350.30, 353.01, 66636500, 46.42,,
2011-04-21, 355.00, 355.13, 348.52, 350.70, 188452600, 46.12,,
2011-04-20, 343.51, 345.75, 341.50, 342.41, 175166600, 45.03,,
2011-04-19, 333.10, 337.98, 331.71, 337.86, 104844600, 44.43,,
2011-04-18, 326.10, 332.23, 320.16, 331.85, 152474700, 43.64,,
2011-04-15, 333.30, 333.64, 326.80, 327.46, 113401400, 43.06,,
2011-04-14, 334.80, 336.00, 332.06, 332.42, 75450200, 43.71,,
2011-04-13, 335.02, 336.14, 332.52, 336.13, 86555000, 44.20,,
2011-04-12, 330.49, 333.73, 330.20, 332.40, 106409800, 43.71,,
2011-04-11, 334.06, 335.67, 330.02, 330.80, 99736700, 43.50,,
2011-04-08, 339.92, 340.15, 333.95, 335.06, 94383800, 44.06,,
2011-04-07, 338.10, 340.43, 336.03, 338.08, 93361800, 44.46,,
2011-04-06, 341.22, 343.90, 337.14, 338.04, 100634800, 44.45,,
2011-04-05, 336.99, 342.25, 336.00, 338.89, 120682800, 44.56,,
2011-04-04, 344.31, 344.60, 338.40, 341.19, 115021200, 44.87,,
2011-04-01, 351.11, 351.59, 343.30, 344.56, 104665400, 45.31,,
2011-03-31, 346.36, 349.80, 346.06, 348.51, 68504800, 45.83,,
2011-03-30, 350.64, 350.88, 347.44, 348.63, 82351500, 45.84,,
2011-03-29, 347.66, 350.96, 346.06, 350.96, 88225200, 46.15,,
2011-03-28, 353.15, 354.32, 350.44, 350.44, 77338800, 46.08,,
2011-03-25, 348.07, 352.06, 347.02, 351.54, 112227500, 46.23,,
2011-03-24, 341.85, 346.00, 338.86, 344.97, 101178000, 45.36,,
2011-03-23, 339.28, 340.22, 335.95, 339.19, 93249100, 44.60,,
2011-03-22, 342.56, 342.62, 339.14, 341.20, 81480700, 44.87,,
2011-03-21, 335.99, 339.74, 335.26, 339.30, 102350500, 44.62,,
2011-03-18, 337.13, 338.20, 330.00, 330.67, 188303500, 43.48,,
2011-03-17, 336.83, 339.61, 330.66, 334.64, 164855600, 44.00,,
2011-03-16, 342.00, 343.00, 326.26, 330.01, 290502800, 43.40,,
2011-03-15, 342.10, 347.84, 340.10, 345.43, 180270300, 45.42,,
2011-03-14, 353.18, 356.48, 351.31, 353.56, 108989300, 46.49,,
2011-03-11, 345.33, 352.32, 345.00, 351.99, 117770100, 46.29,,
2011-03-10, 349.12, 349.77, 344.90, 346.67, 126884800, 45.59,,
2011-03-09, 354.69, 354.76, 350.60, 352.47, 113326500, 46.35,,
2011-03-08, 354.91, 357.40, 352.25, 355.76, 89079200, 46.78,,
2011-03-07, 361.40, 361.67, 351.31, 355.36, 136530800, 46.73,,
2011-03-04, 360.07, 360.29, 357.75, 360.00, 113316700, 47.34,,
2011-03-03, 357.19, 359.79, 355.92, 359.56, 125197100, 47.28,,
2011-03-02, 349.96, 354.35, 348.40, 352.12, 150647700, 46.30,,
2011-03-01, 355.47, 355.72, 347.68, 349.31, 114034200, 45.93,,
2011-02-28, 351.24, 355.05, 351.12, 353.21, 100768500, 46.45,,
2011-02-25, 345.26, 348.43, 344.80, 348.16, 95004700, 45.78,,
2011-02-24, 344.02, 345.15, 338.37, 342.88, 124975200, 45.09,,
2011-02-23, 338.77, 344.64, 338.61, 342.62, 167963600, 45.05,,
2011-02-22, 342.15, 345.40, 337.72, 338.61, 218138900, 44.53,,
2011-02-18, 358.71, 359.50, 349.52, 350.56, 204014300, 46.10,,
2011-02-17, 357.25, 360.27, 356.52, 358.30, 132645800, 47.12,,
2011-02-16, 360.80, 364.90, 360.50, 363.13, 120289400, 47.75,,
2011-02-15, 359.19, 359.97, 357.55, 359.90, 71043700, 47.33,,
2011-02-14, 356.79, 359.48, 356.71, 359.18, 77604100, 47.23,,
2011-02-11, 354.75, 357.80, 353.54, 356.85, 91893200, 46.93,,
2011-02-10, 357.39, 360.00, 348.00, 354.54, 232137500, 46.62,,
2011-02-09, 355.19, 359.00, 354.87, 358.16, 120686300, 47.10,,
2011-02-08, 353.68, 355.52, 352.15, 355.20, 95260200, 46.71,,
2011-02-07, 347.89, 353.25, 347.64, 351.88, 121255400, 46.27,,
2011-02-04, 343.64, 346.70, 343.51, 346.50, 80460100, 45.56,,
2011-02-03, 343.80, 344.24, 338.55, 343.44, 98449400, 45.16,,
2011-02-02, 344.45, 345.25, 343.55, 344.32, 64738800, 45.28,,
2011-02-01, 341.30, 345.65, 340.98, 345.03, 106658300, 45.37,,
2011-01-31, 335.80, 340.04, 334.30, 339.32, 94311700, 44.62,,
2011-01-28, 344.17, 344.40, 333.53, 336.10, 148014300, 44.20,,
2011-01-27, 343.78, 344.69, 342.83, 343.21, 71256500, 45.13,,
2011-01-26, 342.96, 345.60, 341.50, 343.85, 126718900, 45.22,,
2011-01-25, 336.33, 341.44, 334.57, 341.40, 136717000, 44.89,,
2011-01-24, 326.87, 337.45, 326.72, 337.45, 143670800, 44.37,,
2011-01-21, 333.77, 334.88, 326.63, 326.72, 188600300, 42.96,,
2011-01-20, 336.43, 338.30, 330.12, 332.68, 191197300, 43.75,,
2011-01-19, 348.35, 348.60, 336.88, 338.84, 283903200, 44.56,,
2011-01-18, 329.52, 344.76, 326.00, 340.65, 470249500, 44.79,,
2011-01-14, 345.89, 348.48, 344.44, 348.48, 77210000, 45.82,,
2011-01-13, 345.16, 346.64, 343.85, 345.68, 74195100, 45.46,,
2011-01-12, 343.25, 344.43, 342.00, 344.42, 75647600, 45.29,,
2011-01-11, 344.88, 344.96, 339.47, 341.64, 111027000, 44.92,,
2011-01-10, 338.83, 343.23, 337.17, 342.45, 112140000, 45.03,,
2011-01-07, 333.99, 336.35, 331.90, 336.12, 77982800, 44.20,,
2011-01-06, 334.72, 335.25, 332.90, 333.73, 75107200, 43.88,,
2011-01-05, 329.55, 334.34, 329.50, 334.00, 63879900, 43.92,,
2011-01-04, 332.44, 332.50, 328.15, 331.29, 77270200, 43.56,,
2011-01-03, 325.64, 330.26, 324.84, 329.57, 111284600, 43.34,,
2010-12-31, 322.95, 323.48, 321.31, 322.56, 48377000, 42.42,,
2010-12-30, 325.48, 325.51, 323.05, 323.66, 39373600, 42.56,,
2010-12-29, 326.22, 326.45, 325.10, 325.29, 40784800, 42.77,,
2010-12-28, 325.91, 326.66, 325.06, 325.47, 43981000, 42.80,,
2010-12-27, 322.85, 325.44, 321.52, 324.68, 62454000, 42.69,,
2010-12-23, 325.00, 325.15, 323.17, 323.60, 55789300, 42.55,,
2010-12-22, 324.36, 325.72, 323.55, 325.16, 66480400, 42.76,,
2010-12-21, 323.00, 324.39, 322.05, 324.20, 64088500, 42.63,,
2010-12-20, 321.60, 323.25, 318.23, 322.21, 96402600, 42.37,,
2010-12-17, 321.63, 321.79, 320.23, 320.61, 96732300, 42.16,,
2010-12-16, 321.09, 322.61, 320.10, 321.25, 80507700, 42.24,,
2010-12-15, 320.00, 323.00, 319.19, 320.36, 104328000, 42.13,,
2010-12-14, 321.73, 322.54, 319.00, 320.29, 87752000, 42.12,,
2010-12-13, 324.37, 325.06, 321.00, 321.67, 109953900, 42.30,,
2010-12-10, 319.65, 321.05, 318.60, 320.56, 65627800, 42.15,,
2010-12-09, 322.13, 322.50, 319.02, 319.76, 73537800, 42.05,,
2010-12-08, 319.63, 321.02, 317.11, 321.01, 80483900, 42.21,,
2010-12-07, 323.80, 323.99, 318.12, 318.21, 97863500, 41.84,,
2010-12-06, 318.64, 322.33, 318.42, 320.15, 112120400, 42.10,,
2010-12-03, 317.01, 318.65, 316.34, 317.44, 85523200, 41.74,,
2010-12-02, 317.53, 319.00, 314.89, 318.15, 115709300, 41.84,,
2010-12-01, 315.27, 317.75, 315.00, 316.40, 115437700, 41.61,,
2010-11-30, 313.54, 314.36, 310.87, 311.15, 125464500, 40.92,,
2010-11-29, 315.50, 317.48, 311.38, 316.87, 111446300, 41.67,,
2010-11-26, 313.74, 317.70, 312.94, 315.00, 59396400, 41.42,,
2010-11-24, 312.00, 315.40, 311.75, 314.80, 103431300, 41.40,,
2010-11-23, 310.45, 311.75, 306.56, 308.73, 129861900, 40.60,,
2010-11-22, 306.68, 313.36, 305.87, 313.36, 98268800, 41.21,,
2010-11-19, 307.97, 308.40, 305.24, 306.73, 96210800, 40.33,,
2010-11-18, 305.20, 309.67, 304.69, 308.43, 123622800, 40.56,,
2010-11-17, 301.20, 303.99, 297.76, 300.50, 119862400, 39.52,,
2010-11-16, 305.72, 307.60, 299.32, 301.59, 164412500, 39.66,,
2010-11-15, 308.46, 310.54, 306.27, 307.04, 100901500, 40.38,,
2010-11-12, 316.00, 316.50, 303.63, 308.03, 198961700, 40.51,,
2010-11-11, 315.00, 318.40, 314.25, 316.65, 90321000, 41.64,,
2010-11-10, 316.64, 318.77, 313.55, 318.03, 96056800, 41.82,,
2010-11-09, 321.05, 321.30, 314.50, 316.08, 95886000, 41.56,,
2010-11-08, 317.20, 319.77, 316.76, 318.62, 70439600, 41.90,,
2010-11-05, 317.99, 319.57, 316.75, 317.13, 90313300, 41.70,,
2010-11-04, 315.45, 320.18, 315.03, 318.27, 160622000, 41.85,,
2010-11-03, 311.37, 312.88, 308.53, 312.80, 127087100, 41.13,,
2010-11-02, 307.00, 310.19, 307.00, 309.36, 108482500, 40.68,,
2010-11-01, 302.22, 305.60, 302.20, 304.18, 105972300, 40.00,,
2010-10-29, 304.23, 305.88, 300.87, 300.98, 107627800, 39.58,,
2010-10-28, 307.95, 308.00, 300.90, 305.24, 137762800, 40.14,,
2010-10-27, 307.65, 309.90, 305.60, 307.83, 99750700, 40.48,,
2010-10-26, 306.87, 309.74, 305.65, 308.05, 98232400, 40.51,,
2010-10-25, 309.09, 311.60, 308.44, 308.84, 98115500, 40.61,,
2010-10-22, 309.07, 310.04, 306.30, 307.47, 93194500, 40.43,,
2010-10-21, 312.36, 314.74, 306.80, 309.52, 137865000, 40.70,,
2010-10-20, 309.00, 314.25, 306.87, 310.53, 180406100, 40.83,,
2010-10-19, 303.40, 313.77, 300.02, 309.49, 308196000, 40.70,,
2010-10-18, 318.47, 319.00, 314.29, 318.00, 273252700, 41.82,,
2010-10-15, 307.44, 315.00, 304.91, 314.74, 230548500, 41.39,,
2010-10-14, 301.69, 302.47, 300.40, 302.31, 108824100, 39.75,,
2010-10-13, 300.20, 301.96, 299.80, 300.14, 157523100, 39.47,,
2010-10-12, 295.41, 299.50, 292.49, 298.54, 139636000, 39.26,,
2010-10-11, 294.74, 297.24, 294.60, 295.36, 106938300, 38.84,,
2010-10-08, 291.71, 294.50, 290.00, 294.07, 164600800, 38.67,,
2010-10-07, 290.34, 290.48, 286.91, 289.22, 102099900, 38.03,,
2010-10-06, 289.59, 291.99, 285.26, 289.19, 167717200, 38.03,,
2010-10-05, 282.00, 289.45, 281.82, 288.94, 125491800, 37.99,,
2010-10-04, 281.60, 282.90, 277.77, 278.64, 108825500, 36.64,,
2010-10-01, 286.15, 286.58, 281.35, 282.52, 112035700, 37.15,,
2010-09-30, 289.00, 290.00, 281.25, 283.75, 168347900, 37.31,,
2010-09-29, 287.23, 289.81, 286.00, 287.37, 117411000, 37.79,,
2010-09-28, 291.77, 291.77, 275.00, 286.86, 258760600, 37.72,,
2010-09-27, 293.98, 294.73, 291.01, 291.16, 120708700, 38.29,,
2010-09-24, 292.10, 293.53, 290.55, 292.32, 162372000, 38.44,,
2010-09-23, 286.33, 292.76, 286.00, 288.92, 196529200, 37.99,,
2010-09-22, 282.71, 287.98, 282.41, 287.75, 146322400, 37.84,,
2010-09-21, 283.86, 287.35, 282.79, 283.77, 167018600, 37.32,,
2010-09-20, 276.08, 283.78, 275.85, 283.23, 164669400, 37.24,,
2010-09-17, 277.69, 277.96, 273.68, 275.37, 158619300, 36.21,,
2010-09-16, 270.24, 276.67, 269.50, 276.57, 163025800, 36.37,,
2010-09-15, 268.17, 270.38, 267.84, 270.22, 107342200, 35.53,,
2010-09-14, 266.21, 269.17, 265.52, 268.06, 102037600, 35.25,,
2010-09-13, 265.82, 268.28, 265.76, 267.04, 97195000, 35.12,,
2010-09-10, 263.19, 264.50, 261.40, 263.41, 96885600, 34.64,,
2010-09-09, 265.04, 266.52, 262.92, 263.07, 109643800, 34.59,,
2010-09-08, 259.78, 264.39, 259.10, 262.92, 131637800, 34.57,,
2010-09-07, 256.64, 259.53, 256.25, 257.81, 85639400, 33.90,,
2010-09-03, 255.09, 258.78, 254.50, 258.77, 130197200, 34.03,,
2010-09-02, 251.26, 252.17, 248.57, 252.17, 103856900, 33.16,,
2010-09-01, 247.47, 251.46, 246.28, 250.33, 174259400, 32.92,,
2010-08-31, 241.85, 244.56, 240.35, 243.10, 105196700, 31.97,,
2010-08-30, 240.76, 245.75, 240.68, 242.50, 95822300, 31.89,,
2010-08-27, 241.75, 242.61, 235.56, 241.62, 137097800, 31.77,,
2010-08-26, 245.45, 245.75, 240.28, 240.28, 116626300, 31.60,,
2010-08-25, 238.04, 243.99, 237.20, 242.89, 149216900, 31.94,,
2010-08-24, 242.67, 243.00, 238.65, 239.93, 150641400, 31.55,,
2010-08-23, 251.79, 252.00, 245.25, 245.80, 103510400, 32.32,,
2010-08-20, 249.39, 253.92, 249.00, 249.64, 96057500, 32.83,,
2010-08-19, 252.84, 253.48, 248.68, 249.88, 106676500, 32.86,,
2010-08-18, 252.36, 254.67, 251.58, 253.07, 84924000, 33.28,,
2010-08-17, 250.08, 254.63, 249.20, 251.97, 105660100, 33.13,,
2010-08-16, 247.58, 250.01, 246.62, 247.64, 79607500, 32.56,,
2010-08-13, 251.65, 251.88, 249.09, 249.10, 88717300, 32.76,,
2010-08-12, 246.69, 253.10, 246.12, 251.79, 133730100, 33.11,,
2010-08-11, 255.40, 255.69, 249.81, 250.19, 155013600, 32.90,,
2010-08-10, 259.85, 260.45, 257.55, 259.41, 112980000, 34.11,,
2010-08-09, 261.48, 262.15, 259.57, 261.75, 75782000, 34.42,,
2010-08-06, 259.78, 261.49, 257.63, 260.09, 111224400, 34.20,,
2010-08-05, 261.73, 263.18, 260.55, 261.70, 72274300, 34.41,,
2010-08-04, 262.84, 264.28, 260.31, 262.98, 105093800, 34.58,,
2010-08-03, 261.01, 263.26, 259.42, 261.93, 104413400, 34.44,,
2010-08-02, 260.44, 262.59, 259.62, 261.85, 107013900, 34.43,,
2010-07-30, 255.89, 259.70, 254.90, 257.25, 112052500, 33.83,,
2010-07-29, 260.71, 262.65, 256.10, 258.11, 160951700, 33.94,,
2010-07-28, 263.67, 265.99, 260.25, 260.96, 129996300, 34.32,,
2010-07-27, 260.87, 264.80, 260.30, 264.08, 146192900, 34.73,,
2010-07-26, 260.00, 260.10, 257.71, 259.28, 105137900, 34.09,,
2010-07-23, 257.09, 260.38, 256.28, 259.94, 133347200, 34.18,,
2010-07-22, 257.68, 260.00, 255.31, 259.02, 161329700, 34.06,,
2010-07-21, 265.09, 265.15, 254.00, 254.24, 296417800, 33.43,,
2010-07-20, 242.90, 252.90, 240.01, 251.89, 268737700, 33.12,,
2010-07-19, 249.88, 249.88, 239.60, 245.58, 256119500, 32.29,,
2010-07-16, 253.18, 254.97, 248.41, 249.90, 259964600, 32.86,,
2010-07-15, 248.23, 256.97, 247.30, 251.45, 206216500, 33.07,,
2010-07-14, 249.38, 255.80, 249.00, 252.73, 203011900, 33.23,,
2010-07-13, 256.32, 256.40, 246.43, 251.80, 297731000, 33.11,,
2010-07-12, 258.53, 261.85, 254.86, 257.29, 140719600, 33.83,,
2010-07-09, 256.89, 259.90, 255.16, 259.62, 108330600, 34.14,,
2010-07-08, 262.48, 262.90, 254.89, 258.09, 184536100, 33.94,,
2010-07-07, 250.49, 258.77, 249.75, 258.67, 163639000, 34.01,,
2010-07-06, 251.00, 252.80, 246.16, 248.63, 153808900, 32.69,,
2010-07-02, 250.49, 250.93, 243.20, 246.94, 173460700, 32.47,,
2010-07-01, 254.30, 254.80, 243.22, 248.48, 255724000, 32.67,,
2010-06-30, 256.71, 257.97, 250.01, 251.53, 184863000, 33.08,,
2010-06-29, 264.12, 264.39, 254.30, 256.17, 283336200, 33.69,,
2010-06-28, 266.93, 269.75, 264.52, 268.30, 146237000, 35.28,,
2010-06-25, 270.06, 270.27, 265.81, 266.70, 137485600, 35.07,,
2010-06-24, 271.00, 273.20, 268.10, 269.00, 178569300, 35.37,,
2010-06-23, 274.58, 274.66, 267.90, 270.97, 192114300, 35.63,,
2010-06-22, 272.16, 275.97, 271.50, 273.85, 179315500, 36.01,,
2010-06-21, 277.69, 279.01, 268.73, 270.17, 194122600, 35.53,,
