CKEC, 2016-6-28 10:33:47, 30.37, 745644240, 3307, SRPT, 2016-6-28 10:36:02, 17.4, 833912400, 12688, TK, 2016-6-28 10:32:42, 7.11, 516897000, 31034, HRG, 2016-6-28 10:34:01, 12.63, 2534765220, 5870, CJES, 2016-6-28 10:34:58, 0.6623, 79503817, 28322, CIT, 2016-6-28 10:36:45, 29.2, 5889786000, 13679, TUP, 2016-6-28 10:35:55, 52.57, 2654942710, 9833, BC, 2016-6-28 10:36:28, 43.08, 3904383480, 14187, FITB, 2016-6-28 10:37:36, 16.52, 12682701360, 247850, LNC, 2016-6-28 10:37:32, 36.18, 8647273260, 51946, LUK, 2016-6-28 10:37:54, 15.95, 5779163500, 52521, TRCO, 2016-6-28 10:38:05, 37.34, 3435242660, 1196, DOX, 2016-6-28 10:37:53, 55.19, 8297926880, 6099, PDLI, 2016-6-28 10:38:38, 3.04, 501949600, 22976, XL, 2016-6-28 10:38:19, 31.2, 8841112800, 30613, CSCO, 2016-6-28 10:38:48, 27.67, 139172131040, 473387, DIS, 2016-6-28 10:39:12, 95.75, 155348725750, 157460, DVN, 2016-6-28 10:39:30, 35.54, 18622960000, 193615, HD, 2016-6-28 10:39:04, 126.8, 157740087600, 104251, JPM, 2016-6-28 10:39:45, 58.62, 214353350580, 560010, PFE, 2016-6-28 10:40:05, 34.2, 207417835800, 609995, S, 2016-6-28 10:35:08, 4.3, 17090745600, 159991, V, 2016-6-28 10:40:26, 75.19, 179321157330, 252265, WMT, 2016-6-28 10:40:34, 71.48, 222777927560, 100424, XOM, 2016-6-28 10:40:48, 89.9, 372780328900, 189014
CKEC, 2016-6-28 10:33:00, 30.37, 745644240, 3307, SRPT, 2016-6-28 10:40:52, 17.36, 831995360, 15095, TK, 2016-6-28 10:32:42, 7.11, 516897000, 31034, HRG, 2016-6-28 10:41:03, 12.57, 2522723580, 6651, CJES, 2016-6-28 10:40:16, 0.6606, 79299745, 31022, CIT, 2016-6-28 10:38:30, 29.16, 5881717800, 14679, TUP, 2016-6-28 10:41:10, 52.52, 2652417560, 10848, BC, 2016-6-28 10:42:13, 43.02, 3898945620, 15589, FITB, 2016-6-28 10:41:46, 16.45, 12628961100, 267270, LNC, 2016-6-28 10:42:49, 36.12, 8632932840, 58276, LUK, 2016-6-28 10:38:36, 15.93, 5771916900, 54521, TRCO, 2016-6-28 10:38:05, 37.34, 3435242660, 1196, DOX, 2016-6-28 10:40:22, 55.13, 8288905760, 6199, PDLI, 2016-6-28 10:43:32, 3.03, 500298450, 25218, XL, 2016-6-28 10:43:31, 31.23, 8849613870, 31769, CSCO, 2016-6-28 10:44:02, 27.66, 139121833920, 499719, DIS, 2016-6-28 10:44:23, 95.7, 155267603700, 172047, DVN, 2016-6-28 10:44:34, 35.38, 18539120000, 213897, HD, 2016-6-28 10:44:39, 127.05, 158051089350, 107476, JPM, 2016-6-28 10:45:00, 58.6, 214280217400, 598165, PFE, 2016-6-28 10:45:07, 34.25, 207721078250, 622021, S, 2016-6-28 10:44:56, 4.295, 17070872640, 160391, V, 2016-6-28 10:45:14, 75.09, 179082666630, 262347, WMT, 2016-6-28 10:45:17, 71.51, 222871426970, 107500, XOM, 2016-6-28 10:45:58, 90.055, 373423053605, 204083
CKEC, 2016-6-28 10:33:47, 30.37, 745644240, 3307, SRPT, 2016-6-28 10:44:30, 17.22, 825285720, 15595, TK, 2016-6-28 10:32:42, 7.11, 516897000, 31034, HRG, 2016-6-28 10:45:10, 12.61, 2530751340, 6851, CJES, 2016-6-28 10:43:40, 0.67, 80428140, 31427, CIT, 2016-6-28 10:47:09, 29.16, 5881717800, 16220, TUP, 2016-6-28 10:46:08, 52.76, 2664538280, 11348, BC, 2016-6-28 10:46:04, 43.18, 3913446580, 18187, FITB, 2016-6-28 10:47:46, 16.43, 12613606740, 283278, LNC, 2016-6-28 10:48:02, 36.17, 8644883190, 63221, LUK, 2016-6-28 10:48:18, 15.92, 5768293600, 57027, TRCO, 2016-6-28 10:48:09, 37.28, 3429722720, 1301, DOX, 2016-6-28 10:47:04, 55.185, 8297175120, 6699, PDLI, 2016-6-28 10:48:07, 3.035, 501124025, 26718, XL, 2016-6-28 10:48:12, 31.23, 8849613870, 33650, CSCO, 2016-6-28 10:49:09, 27.67, 139172131040, 514253, DIS, 2016-6-28 10:49:34, 95.77, 155381174570, 177284, DVN, 2016-6-28 10:49:31, 35.49, 18596760000, 222973, HD, 2016-6-28 10:49:45, 127.12, 158138169840, 112106, JPM, 2016-6-28 10:50:11, 58.57, 214170517630, 633129, PFE, 2016-6-28 10:50:17, 34.31, 208084969190, 634234, S, 2016-6-28 10:44:56, 4.295, 17070872640, 160391, V, 2016-6-28 10:50:31, 75.08, 179058817560, 269139, WMT, 2016-6-28 10:50:53, 71.58, 223089592260, 112712, XOM, 2016-6-28 10:50:57, 90.16, 373858447760, 216530
CKEC, 2016-6-28 10:49:55, 30.41, 746626320, 3409, SRPT, 2016-6-28 10:51:27, 17.27, 827682020, 16895, TK, 2016-6-28 10:49:59, 7.14, 519078000, 44261, HRG, 2016-6-28 10:49:05, 12.63, 2534765220, 7289, CJES, 2016-6-28 10:52:07, 0.6632, 79611854, 31927, CIT, 2016-6-28 10:52:16, 29.13, 5875666650, 17258, TUP, 2016-6-28 10:46:08, 52.76, 2664538280, 11348, BC, 2016-6-28 10:52:50, 43.2, 3915259200, 19287, FITB, 2016-6-28 10:52:53, 16.495, 12663508410, 316302, LNC, 2016-6-28 10:53:15, 36.18, 8647273260, 71900, LUK, 2016-6-28 10:52:13, 15.93, 5771916900, 59078, TRCO, 2016-6-28 10:52:39, 37.26, 3427882740, 1401, DOX, 2016-6-28 10:47:04, 55.185, 8297175120, 6699, PDLI, 2016-6-28 10:53:01, 3.04, 501949600, 28718, XL, 2016-6-28 10:54:00, 31.29, 8866616010, 37351, CSCO, 2016-6-28 10:54:11, 27.68, 139222428160, 523154, DIS, 2016-6-28 10:54:23, 95.82, 155462296620, 181402, DVN, 2016-6-28 10:54:56, 35.43, 18565320000, 234979, HD, 2016-6-28 10:54:54, 127.16, 158187930120, 114319, JPM, 2016-6-28 10:55:13, 58.64, 214426483760, 656162, PFE, 2016-6-28 10:55:29, 34.3, 208024320700, 646471, S, 2016-6-28 10:55:44, 4.33, 17209983360, 177533, V, 2016-6-28 10:55:54, 75.1, 179106515700, 280428, WMT, 2016-6-28 10:56:11, 71.58, 223089592260, 117214, XOM, 2016-6-28 10:56:25, 90, 373194990000, 223831
CKEC, 2016-6-28 10:49:55, 30.41, 746626320, 3409, SRPT, 2016-6-28 10:56:35, 17.26, 827202760, 17680, TK, 2016-6-28 10:54:22, 7.14, 519078000, 45732, HRG, 2016-6-28 10:55:00, 12.65, 2538779100, 7689, CJES, 2016-6-28 10:55:47, 0.6603, 79263733, 33327, CIT, 2016-6-28 10:57:03, 29.16, 5881717800, 18458, TUP, 2016-6-28 10:57:33, 52.6, 2656457800, 11553, BC, 2016-6-28 10:57:56, 43.22, 3917071820, 19987, FITB, 2016-6-28 10:57:58, 16.5, 12667347000, 323539, LNC, 2016-6-28 10:58:14, 36.25, 8664003750, 77116, LUK, 2016-6-28 10:58:28, 15.97, 5786410100, 63069, TRCO, 2016-6-28 10:52:39, 37.26, 3427882740, 1401, DOX, 2016-6-28 10:58:00, 55.21, 8300933920, 7032, PDLI, 2016-6-28 10:59:14, 3.05, 503600750, 29518, XL, 2016-6-28 10:58:06, 31.28, 8863782320, 38093, CSCO, 2016-6-28 10:59:44, 27.65, 139071536800, 560551, DIS, 2016-6-28 10:59:49, 95.76, 155364950160, 185593, DVN, 2016-6-28 11:00:06, 35.315, 18505060000, 242895, HD, 2016-6-28 11:00:17, 126.99, 157976448930, 117815, JPM, 2016-6-28 11:00:32, 58.595, 214261934105, 675095, PFE, 2016-6-28 11:00:46, 34.25, 207721078250, 660281, S, 2016-6-28 11:00:33, 4.34, 17249729280, 178533, V, 2016-6-28 11:00:49, 75.04, 178963421280, 289748, WMT, 2016-6-28 11:00:51, 71.44, 222653261680, 127566, XOM, 2016-6-28 11:01:25, 89.92, 372863261120, 236783
CKEC, 2016-6-28 11:00:58, 30.35, 745153200, 3509, SRPT, 2016-6-28 11:01:52, 17.205, 824566830, 19780, TK, 2016-6-28 11:01:17, 7.135, 518714500, 46105, HRG, 2016-6-28 11:01:05, 12.61, 2530751340, 8389, CJES, 2016-6-28 10:58:00, 0.6436, 77259031, 34027, CIT, 2016-6-28 11:02:28, 29.06, 5861547300, 19278, TUP, 2016-6-28 10:59:43, 52.66, 2659487980, 12653, BC, 2016-6-28 11:02:28, 43.06, 3902570860, 20487, FITB, 2016-6-28 11:03:13, 16.51, 12675024180, 330291, LNC, 2016-6-28 11:03:32, 36.15, 8640103050, 82272, LUK, 2016-6-28 11:02:32, 15.99, 5793656700, 64572, TRCO, 2016-6-28 10:52:00, 37.26, 3427882740, 1401, DOX, 2016-6-28 10:58:00, 55.21, 8300933920, 7032, PDLI, 2016-6-28 11:04:05, 3.035, 501124025, 30819, XL, 2016-6-28 11:03:32, 31.25, 8855281250, 38850, CSCO, 2016-6-28 11:04:52, 27.615, 138895496880, 575531, DIS, 2016-6-28 11:05:01, 95.64, 155170257240, 192588, DVN, 2016-6-28 11:05:17, 35.39, 18544360000, 249748, HD, 2016-6-28 11:05:25, 126.77, 157702767390, 121306, JPM, 2016-6-28 11:05:27, 58.47, 213804851730, 703291, PFE, 2016-6-28 11:05:44, 34.22, 207539132780, 683480, S, 2016-6-28 11:05:04, 4.325, 17190110400, 180574, V, 2016-6-28 11:06:19, 74.83, 178462590810, 297679, WMT, 2016-6-28 11:06:25, 71.43, 222622095210, 132026, XOM, 2016-6-28 11:06:33, 89.89, 372738862790, 249541
CKEC, 2016-6-28 11:00:58, 30.35, 745153200, 3509, SRPT, 2016-6-28 11:07:04, 17.13, 820972380, 24850, TK, 2016-6-28 11:07:19, 7.16, 520532000, 47705, HRG, 2016-6-28 11:06:00, 12.53, 2514695820, 9189, CJES, 2016-6-28 11:07:10, 0.6425, 77126985, 34827, CIT, 2016-6-28 11:07:58, 29.07, 5863564350, 21264, TUP, 2016-6-28 11:06:25, 52.71, 2662013130, 13553, BC, 2016-6-28 11:07:51, 43.1, 3906196100, 21187, FITB, 2016-6-28 11:08:34, 16.49, 12659669820, 333879, LNC, 2016-6-28 11:08:47, 36.14, 8637712980, 85738, LUK, 2016-6-28 11:06:51, 15.95, 5779163500, 65918, TRCO, 2016-6-28 11:08:55, 37.51, 3450882490, 1801, DOX, 2016-6-28 11:06:19, 54.96, 8263345920, 7138, PDLI, 2016-6-28 11:09:38, 3.035, 501124025, 31119, XL, 2016-6-28 11:09:21, 31.24, 8852447560, 40442, CSCO, 2016-6-28 11:10:00, 27.57, 138669159840, 599054, DIS, 2016-6-28 11:10:04, 95.63, 155154032830, 200148, DVN, 2016-6-28 11:10:29, 35.3, 18497200000, 259036, HD, 2016-6-28 11:10:41, 126.69, 157603246830, 126105, JPM, 2016-6-28 11:10:45, 58.48, 213841418320, 722067, PFE, 2016-6-28 11:10:58, 34.215, 207508808535, 699559, S, 2016-6-28 11:10:19, 4.31, 17130491520, 185060, V, 2016-6-28 11:11:30, 74.72, 178200251040, 305690, WMT, 2016-6-28 11:11:43, 71.465, 222731177855, 140154, XOM, 2016-6-28 11:11:49, 89.78, 372282735580, 263999
CKEC, 2016-6-28 11:00:58, 30.35, 745153200, 3509, SRPT, 2016-6-28 11:11:30, 17.13, 820972380, 27513, TK, 2016-6-28 11:12:30, 7.14, 519078000, 49910, HRG, 2016-6-28 11:06:00, 12.53, 2514695820, 9189, CJES, 2016-6-28 11:07:10, 0.6425, 77126985, 34827, CIT, 2016-6-28 11:12:44, 28.94, 5837342700, 23014, TUP, 2016-6-28 11:12:56, 52.68, 2660498040, 14153, BC, 2016-6-28 11:13:35, 42.9, 3888069900, 21595, FITB, 2016-6-28 11:13:35, 16.5, 12667347000, 344636, LNC, 2016-6-28 11:13:34, 36.1, 8628152700, 89923, LUK, 2016-6-28 11:13:34, 15.95, 5779163500, 66025, TRCO, 2016-6-28 11:14:10, 37.54, 3453642460, 2401, DOX, 2016-6-28 11:13:37, 55.02, 8272367040, 7350, PDLI, 2016-6-28 11:14:08, 3.045, 502775175, 32186, XL, 2016-6-28 11:14:55, 31.28, 8863782320, 42587, CSCO, 2016-6-28 11:15:02, 27.6, 138820051200, 614581, DIS, 2016-6-28 11:15:17, 95.63, 155154032830, 207283, DVN, 2016-6-28 11:15:32, 35.33, 18512920000, 264852, HD, 2016-6-28 11:15:42, 126.62, 157516166340, 131016, JPM, 2016-6-28 11:15:55, 58.43, 213658585370, 752310, PFE, 2016-6-28 11:16:15, 34.27, 207842375230, 713551, S, 2016-6-28 11:15:21, 4.325, 17190110400, 192543, V, 2016-6-28 11:16:34, 74.71, 178176401970, 312650, WMT, 2016-6-28 11:16:19, 71.5, 222840260500, 147995, XOM, 2016-6-28 11:17:04, 89.76, 372199803360, 276777
CKEC, 2016-6-28 11:00:58, 30.35, 745153200, 3509, SRPT, 2016-6-28 11:15:40, 17.14, 821451640, 28654, TK, 2016-6-28 11:16:47, 7.08, 514716000, 51510, HRG, 2016-6-28 11:17:44, 12.54, 2516702760, 9789, CJES, 2016-6-28 11:15:09, 0.6456, 77499115, 35427, CIT, 2016-6-28 11:17:21, 28.91, 5831291550, 25094, TUP, 2016-6-28 11:18:21, 52.73, 2663023190, 14995, BC, 2016-6-28 11:17:49, 43.04, 3900758240, 22095, FITB, 2016-6-28 11:18:34, 16.515, 12678862770, 354797, LNC, 2016-6-28 11:19:02, 36.11, 8630542770, 101985, LUK, 2016-6-28 11:19:13, 15.96, 5782786800, 68036, TRCO, 2016-6-28 11:17:45, 37.53, 3452722470, 2601, DOX, 2016-6-28 11:13:37, 55.02, 8272367040, 7350, PDLI, 2016-6-28 11:15:42, 3.045, 502775175, 32386, XL, 2016-6-28 11:19:54, 31.24, 8852447560, 44423, CSCO, 2016-6-28 11:20:01, 27.625, 138945794000, 639101, DIS, 2016-6-28 11:20:27, 95.66, 155202706060, 212931, DVN, 2016-6-28 11:20:28, 35.47, 18586280000, 271214, HD, 2016-6-28 11:20:24, 126.72, 157640567040, 133706, JPM, 2016-6-28 11:21:00, 58.45, 213731718550, 772646, PFE, 2016-6-28 11:21:04, 34.335, 208236590415, 739911, S, 2016-6-28 11:21:16, 4.33, 17209983360, 192943, V, 2016-6-28 11:21:37, 74.67, 178081005690, 331879, WMT, 2016-6-28 11:21:43, 71.54, 222964926380, 155112, XOM, 2016-6-28 11:22:04, 89.75, 372158337250, 290248
CKEC, 2016-6-28 11:00:00, 30.35, 745153200, 3509, SRPT, 2016-6-28 11:21:22, 17.22, 825285720, 29454, TK, 2016-6-28 11:16:47, 7.08, 514716000, 51510, HRG, 2016-6-28 11:20:06, 12.57, 2522723580, 10189, CJES, 2016-6-28 11:15:00, 0.6456, 77499115, 35427, CIT, 2016-6-28 11:21:39, 28.94, 5837342700, 25724, TUP, 2016-6-28 11:21:40, 52.78, 2665548340, 15095, BC, 2016-6-28 11:23:44, 43.01, 3898039310, 23946, FITB, 2016-6-28 11:23:23, 16.51, 12675024180, 359115, LNC, 2016-6-28 11:23:36, 36.1, 8628152700, 106471, LUK, 2016-6-28 11:21:55, 15.96, 5782786800, 68701, TRCO, 2016-6-28 11:23:00, 37.49, 3449042510, 3001, DOX, 2016-6-28 11:23:40, 55.08, 8281388160, 7711, PDLI, 2016-6-28 11:21:11, 3.05, 503600750, 32586, XL, 2016-6-28 11:24:34, 31.21, 8843946490, 45595, CSCO, 2016-6-28 11:25:31, 27.59, 138769754080, 673566, DIS, 2016-6-28 11:25:37, 95.54, 155008013140, 216517, DVN, 2016-6-28 11:25:44, 35.47, 18586280000, 277653, HD, 2016-6-28 11:25:55, 126.53, 157404205710, 138274, JPM, 2016-6-28 11:26:17, 58.38, 213475752420, 786143, PFE, 2016-6-28 11:26:24, 34.325, 208175941925, 753211, S, 2016-6-28 11:26:44, 4.32, 17170237440, 194343, V, 2016-6-28 11:26:43, 74.55, 177794816850, 343673, WMT, 2016-6-28 11:26:42, 71.47, 222746761090, 161052, XOM, 2016-6-28 11:27:22, 89.81, 372407133910, 307206
CKEC, 2016-6-28 11:23:00, 30.29, 743680080, 3609, SRPT, 2016-6-28 11:25:18, 17.16, 822410160, 34149, TK, 2016-6-28 11:27:49, 7.085, 515079500, 51610, HRG, 2016-6-28 11:25:07, 12.55, 2518709700, 10612, CJES, 2016-6-28 11:28:11, 0.6457, 77511119, 37027, CIT, 2016-6-28 11:26:51, 28.87, 5823223350, 26484, TUP, 2016-6-28 11:21:40, 52.78, 2665548340, 15095, BC, 2016-6-28 11:28:46, 42.98, 3895320380, 24546, FITB, 2016-6-28 11:29:13, 16.47, 12644315460, 364677, LNC, 2016-6-28 11:29:17, 36.04, 8613812280, 110375, LUK, 2016-6-28 11:29:37, 15.91, 5764670300, 70179, TRCO, 2016-6-28 11:25:47, 37.42, 3442602580, 3101, DOX, 2016-6-28 11:27:32, 55.05, 8276877600, 7836, PDLI, 2016-6-28 11:30:12, 3.045, 502775175, 33211, XL, 2016-6-28 11:29:32, 31.23, 8849613870, 48166, CSCO, 2016-6-28 11:30:33, 27.58, 138719456960, 702009, DIS, 2016-6-28 11:30:50, 95.43, 154829544630, 221086, DVN, 2016-6-28 11:30:54, 35.48, 18591520000, 285967, HD, 2016-6-28 11:31:07, 126.56, 157441525920, 142752, JPM, 2016-6-28 11:31:27, 58.33, 213292919470, 810071, PFE, 2016-6-28 11:31:43, 34.3, 208024320700, 771814, S, 2016-6-28 11:31:02, 4.335, 17229856320, 198143, V, 2016-6-28 11:32:06, 74.58, 177866364060, 356883, WMT, 2016-6-28 11:32:18, 71.42, 222590928740, 174281, XOM, 2016-6-28 11:32:13, 89.86, 372614464460, 319786
CKEC, 2016-6-28 11:23:03, 30.29, 743680080, 3609, SRPT, 2016-6-28 11:32:28, 17.16, 822410160, 36036, TK, 2016-6-28 11:33:07, 7.085, 515079500, 54302, HRG, 2016-6-28 11:31:52, 12.55, 2518709700, 11512, CJES, 2016-6-28 11:33:14, 0.64, 76826880, 39687, CIT, 2016-6-28 11:33:33, 28.89, 5827257450, 27934, TUP, 2016-6-28 11:33:41, 52.6, 2656457800, 15905, BC, 2016-6-28 11:34:04, 42.91, 3888976210, 27225, FITB, 2016-6-28 11:34:15, 16.47, 12644315460, 372281, LNC, 2016-6-28 11:34:34, 36.07, 8620982490, 116896, LUK, 2016-6-28 11:34:12, 15.95, 5779163500, 73279, TRCO, 2016-6-28 11:25:47, 37.42, 3442602580, 3101, DOX, 2016-6-28 11:33:00, 55.05, 8276877600, 8036, PDLI, 2016-6-28 11:34:46, 3.065, 506077475, 45028, XL, 2016-6-28 11:35:01, 31.26, 8858114940, 49362, CSCO, 2016-6-28 11:35:26, 27.58, 138719456960, 714891, DIS, 2016-6-28 11:35:58, 95.47, 154894442270, 223529, DVN, 2016-6-28 11:36:12, 35.41, 18554840000, 296282, HD, 2016-6-28 11:36:26, 126.62, 157516166340, 144808, JPM, 2016-6-28 11:36:35, 58.45, 213731718550, 826700, PFE, 2016-6-28 11:36:35, 34.27, 207842375230, 784350, S, 2016-6-28 11:35:21, 4.335, 17229856320, 199043, V, 2016-6-28 11:37:14, 74.67, 178081005690, 370320, WMT, 2016-6-28 11:37:14, 71.445, 222668844915, 176766, XOM, 2016-6-28 11:37:12, 89.86, 372614464460, 326449
CKEC, 2016-6-28 11:35:21, 30.26, 742943520, 3809, SRPT, 2016-6-28 11:38:00, 17.14, 821451640, 36736, TK, 2016-6-28 11:33:33, 7.08, 514716000, 55223, HRG, 2016-6-28 11:37:48, 12.54, 2516702760, 14012, CJES, 2016-6-28 11:38:44, 0.6403, 76862893, 42587, CIT, 2016-6-28 11:34:38, 28.88, 5825240400, 28134, TUP, 2016-6-28 11:37:21, 52.64, 2658477920, 16305, BC, 2016-6-28 11:39:03, 42.88, 3886257280, 28527, FITB, 2016-6-28 11:39:12, 16.48, 12651992640, 374979, LNC, 2016-6-28 11:39:26, 36.13, 8635322910, 123299, LUK, 2016-6-28 11:39:39, 15.95, 5779163500, 75092, TRCO, 2016-6-28 11:25:47, 37.42, 3442602580, 3101, DOX, 2016-6-28 11:36:11, 55.04, 8275374080, 8136, PDLI, 2016-6-28 11:39:04, 3.06, 505251900, 46328, XL, 2016-6-28 11:40:26, 31.25, 8855281250, 50554, CSCO, 2016-6-28 11:40:53, 27.59, 138769754080, 727153, DIS, 2016-6-28 11:41:02, 95.46, 154878217860, 227086, DVN, 2016-6-28 11:41:16, 35.49, 18596760000, 304393, HD, 2016-6-28 11:40:36, 126.75, 157677887250, 147024, JPM, 2016-6-28 11:41:50, 58.53, 214024251270, 853557, PFE, 2016-6-28 11:41:55, 34.21, 207478484290, 799734, S, 2016-6-28 11:39:03, 4.335, 17229856320, 200543, V, 2016-6-28 11:42:25, 74.86, 178534138020, 379202, WMT, 2016-6-28 11:42:27, 71.39, 222497429330, 182139, XOM, 2016-6-28 11:42:45, 89.85, 372572998350, 335328
CKEC, 2016-6-28 11:35:21, 30.26, 742943520, 3809, SRPT, 2016-6-28 11:40:59, 17.14, 821451640, 43265, TK, 2016-6-28 11:42:38, 7.09, 515443000, 56712, HRG, 2016-6-28 11:40:00, 12.5, 2508675000, 16110, CJES, 2016-6-28 11:38:44, 0.6403, 76862893, 42587, CIT, 2016-6-28 11:41:15, 28.8, 5809104000, 28615, TUP, 2016-6-28 11:37:21, 52.64, 2658477920, 16305, BC, 2016-6-28 11:43:35, 42.9, 3888069900, 30214, FITB, 2016-6-28 11:44:16, 16.46, 12636638280, 379205, LNC, 2016-6-28 11:44:50, 36.12, 8632932840, 126590, LUK, 2016-6-28 11:42:38, 15.94, 5775540200, 76515, TRCO, 2016-6-28 11:42:26, 37.33, 3434322670, 3216, DOX, 2016-6-28 11:45:31, 55.19, 8297926880, 8687, PDLI, 2016-6-28 11:39:04, 3.06, 505251900, 46328, XL, 2016-6-28 11:45:14, 31.28, 8863782320, 52155, CSCO, 2016-6-28 11:46:04, 27.66, 139121833920, 743187, DIS, 2016-6-28 11:46:21, 95.62, 155137808420, 230625, DVN, 2016-6-28 11:46:26, 35.71, 18712040000, 315711, HD, 2016-6-28 11:46:22, 126.86, 157814728020, 148955, JPM, 2016-6-28 11:46:56, 58.61, 214316783990, 891566, PFE, 2016-6-28 11:46:50, 34.23, 207599781270, 806030, S, 2016-6-28 11:46:10, 4.34, 17249729280, 200943, V, 2016-6-28 11:47:33, 74.84, 178486439880, 393720, WMT, 2016-6-28 11:47:41, 71.395, 222513012565, 186305, XOM, 2016-6-28 11:47:56, 89.96, 373029125560, 343122
CKEC, 2016-6-28 11:45:55, 30.24, 742452480, 4209, SRPT, 2016-6-28 11:47:33, 17.23, 825764980, 45864, TK, 2016-6-28 11:47:19, 7.1, 516170000, 59423, HRG, 2016-6-28 11:47:58, 12.56, 2520716640, 16510, CJES, 2016-6-28 11:48:16, 0.6394, 76754855, 43787, CIT, 2016-6-28 11:47:49, 28.89, 5827257450, 29320, TUP, 2016-6-28 11:46:59, 52.78, 2665548340, 16910, BC, 2016-6-28 11:46:54, 42.99, 3896226690, 32414, FITB, 2016-6-28 11:49:46, 16.46, 12636638280, 383365, LNC, 2016-6-28 11:50:03, 36.225, 8658028575, 129771, LUK, 2016-6-28 11:50:14, 15.97, 5786410100, 79786, TRCO, 2016-6-28 11:50:15, 37.47, 3447202530, 3816, DOX, 2016-6-28 11:50:01, 55.21, 8300933920, 8787, PDLI, 2016-6-28 11:50:38, 3.06, 505251900, 46728, XL, 2016-6-28 11:48:56, 31.28, 8863782320, 52255, CSCO, 2016-6-28 11:50:06, 27.63, 138970942560, 751319, DIS, 2016-6-28 11:51:27, 95.53, 154991788730, 234279, DVN, 2016-6-28 11:51:36, 35.8, 18759200000, 320111, HD, 2016-6-28 11:51:30, 126.85, 157802287950, 151057, JPM, 2016-6-28 11:52:05, 58.61, 214316783990, 918115, PFE, 2016-6-28 11:52:12, 34.28, 207903023720, 815806, S, 2016-6-28 11:51:22, 4.335, 17229856320, 202043, V, 2016-6-28 11:52:28, 74.89, 178605685230, 397668, WMT, 2016-6-28 11:52:39, 71.4, 222528595800, 191767, XOM, 2016-6-28 11:53:04, 90.02, 373277922220, 350764
CKEC, 2016-6-28 11:49:01, 30.235, 742329720, 4309, SRPT, 2016-6-28 11:52:54, 17.25, 826723500, 47959, TK, 2016-6-28 11:53:39, 7.11, 516897000, 60673, HRG, 2016-6-28 11:51:33, 12.57, 2522723580, 16710, CJES, 2016-6-28 11:50:10, 0.6394, 76754855, 45187, CIT, 2016-6-28 11:53:15, 28.94, 5837342700, 29955, TUP, 2016-6-28 11:54:29, 52.93, 2673123790, 17315, BC, 2016-6-28 11:54:28, 43.1, 3906196100, 33274, FITB, 2016-6-28 11:54:40, 16.5, 12667347000, 389798, LNC, 2016-6-28 11:54:58, 36.28, 8671173960, 135231, LUK, 2016-6-28 11:54:41, 15.99, 5793656700, 82494, TRCO, 2016-6-28 11:55:21, 37.51, 3450882490, 4116, DOX, 2016-6-28 11:54:36, 55.21, 8300933920, 8887, PDLI, 2016-6-28 11:55:35, 3.065, 506077475, 49553, XL, 2016-6-28 11:54:38, 31.32, 8875117080, 53731, CSCO, 2016-6-28 11:55:50, 27.665, 139146982480, 761426, DIS, 2016-6-28 11:56:28, 95.55, 155024237550, 238111, DVN, 2016-6-28 11:56:46, 35.8, 18759200000, 326547, HD, 2016-6-28 11:56:22, 126.85, 157802287950, 152800, JPM, 2016-6-28 11:57:12, 58.78, 214938416020, 934429, PFE, 2016-6-28 11:57:12, 34.27, 207842375230, 825421, S, 2016-6-28 11:57:03, 4.33, 17209983360, 226648, V, 2016-6-28 11:57:47, 74.94, 178724930580, 404384, WMT, 2016-6-28 11:58:00, 71.34, 222341596980, 198294, XOM, 2016-6-28 11:58:03, 90.12, 373692583320, 356990
CKEC, 2016-6-28 11:58:17, 30.22, 741961440, 4809, SRPT, 2016-6-28 11:57:11, 17.3, 829119800, 49736, TK, 2016-6-28 11:57:41, 7.12, 517624000, 62666, HRG, 2016-6-28 11:51:00, 12.57, 2522723580, 16710, CJES, 2016-6-28 11:56:42, 0.63, 75626460, 45687, CIT, 2016-6-28 11:59:15, 28.96, 5841376800, 30475, TUP, 2016-6-28 11:56:53, 53.03, 2678174090, 17755, BC, 2016-6-28 11:59:37, 43.11, 3907102410, 33574, FITB, 2016-6-28 11:59:39, 16.5, 12667347000, 392600, LNC, 2016-6-28 12:00:03, 36.33, 8683124310, 137142, LUK, 2016-6-28 11:58:59, 16, 5797280000, 83161, TRCO, 2016-6-28 11:55:21, 37.51, 3450882490, 4116, DOX, 2016-6-28 11:54:36, 55.21, 8300933920, 8887, PDLI, 2016-6-28 12:00:46, 3.07, 506903050, 50367, XL, 2016-6-28 12:00:28, 31.33, 8877950770, 54606, CSCO, 2016-6-28 12:01:33, 27.67, 139172131040, 772169, DIS, 2016-6-28 12:00:35, 95.62, 155137808420, 240559, DVN, 2016-6-28 12:01:58, 35.69, 18701560000, 331516, HD, 2016-6-28 12:02:08, 126.82, 157764967740, 157213, JPM, 2016-6-28 12:02:16, 58.68, 214572750120, 949440, PFE, 2016-6-28 12:02:23, 34.26, 207781726740, 834276, S, 2016-6-28 11:59:19, 4.325, 17190110400, 227248, V, 2016-6-28 12:02:46, 74.9, 178629534300, 408945, WMT, 2016-6-28 12:02:53, 71.35, 222372763450, 202081, XOM, 2016-6-28 12:02:52, 90.12, 373692583320, 362823
CKEC, 2016-6-28 12:00:34, 30.23, 742206960, 5409, SRPT, 2016-6-28 12:03:19, 17.26, 827202760, 50911, TK, 2016-6-28 12:02:51, 7.08, 514716000, 64466, HRG, 2016-6-28 12:03:51, 12.58, 2524730520, 17310, CJES, 2016-6-28 11:56:00, 0.63, 75626460, 45687, CIT, 2016-6-28 12:04:25, 28.9, 5829274500, 31996, TUP, 2016-6-28 12:04:12, 53.04, 2678679120, 18163, BC, 2016-6-28 12:03:47, 43.13, 3908915030, 33914, FITB, 2016-6-28 12:05:01, 16.44, 12621283920, 404087, LNC, 2016-6-28 12:05:22, 36.32, 8680734240, 142479, LUK, 2016-6-28 12:04:28, 15.96, 5782786800, 84526, TRCO, 2016-6-28 12:03:24, 37.51, 3450882490, 4316, DOX, 2016-6-28 12:03:21, 55.22, 8302437440, 9377, PDLI, 2016-6-28 12:05:52, 3.07, 506903050, 51153, XL, 2016-6-28 12:05:17, 31.32, 8875117080, 55764, CSCO, 2016-6-28 12:05:32, 27.67, 139172131040, 790709, DIS, 2016-6-28 12:06:25, 95.52, 154975564320, 244569, DVN, 2016-6-28 12:06:54, 35.66, 18685840000, 335417, HD, 2016-6-28 12:07:18, 126.76, 157690327320, 158984, JPM, 2016-6-28 12:07:29, 58.75, 214828716250, 962410, PFE, 2016-6-28 12:07:18, 34.23, 207599781270, 839156, S, 2016-6-28 12:07:37, 4.325, 17190110400, 227948, V, 2016-6-28 12:07:51, 74.97, 178796477790, 411612, WMT, 2016-6-28 12:07:51, 71.37, 222435096390, 205925, XOM, 2016-6-28 12:08:31, 90.07, 373485252770, 369836
CKEC, 2016-6-28 12:06:18, 30.215, 741838680, 5709, SRPT, 2016-6-28 12:06:20, 17.25, 826723500, 54252, TK, 2016-6-28 12:02:51, 7.08, 514716000, 64466, HRG, 2016-6-28 12:08:48, 12.57, 2522723580, 17510, CJES, 2016-6-28 12:08:29, 0.6248, 75002242, 45787, CIT, 2016-6-28 12:08:33, 28.92, 5833308600, 32731, TUP, 2016-6-28 12:07:42, 53.16, 2684739480, 18554, BC, 2016-6-28 12:06:42, 43.13, 3908915030, 34114, FITB, 2016-6-28 12:10:23, 16.44, 12621283920, 426075, LNC, 2016-6-28 12:09:12, 36.33, 8683124310, 144707, LUK, 2016-6-28 12:08:01, 15.98, 5790033400, 85701, TRCO, 2016-6-28 12:09:21, 37.44, 3444442560, 4516, DOX, 2016-6-28 12:08:41, 55.24, 8305444480, 9493, PDLI, 2016-6-28 12:10:20, 3.075, 507728625, 52353, XL, 2016-6-28 12:08:31, 31.32, 8875117080, 56134, CSCO, 2016-6-28 12:11:48, 27.63, 138970942560, 803484, DIS, 2016-6-28 12:11:22, 95.47, 154894442270, 258810, DVN, 2016-6-28 12:12:12, 35.7, 18706800000, 339175, HD, 2016-6-28 12:12:26, 126.63, 157528606410, 161935, JPM, 2016-6-28 12:12:37, 58.76, 214865282840, 968126, PFE, 2016-6-28 12:12:46, 34.2, 207417835800, 894010, S, 2016-6-28 12:12:50, 4.325, 17190110400, 229349, V, 2016-6-28 12:13:09, 74.93, 178701081510, 415323, WMT, 2016-6-28 12:12:40, 71.39, 222497429330, 209220, XOM, 2016-6-28 12:13:30, 90.07, 373485252770, 373656
CKEC, 2016-6-28 12:11:06, 30.21, 741715920, 5911, SRPT, 2016-6-28 12:14:06, 17.26, 827202760, 55552, TK, 2016-6-28 12:12:42, 7.09, 515443000, 65246, HRG, 2016-6-28 12:10:00, 12.57, 2522723580, 17610, CJES, 2016-6-28 12:12:25, 0.6251, 75038254, 45987, CIT, 2016-6-28 12:14:24, 28.93, 5835325650, 33061, TUP, 2016-6-28 12:13:37, 53.13, 2683224390, 18759, BC, 2016-6-28 12:14:51, 43.08, 3904383480, 35227, FITB, 2016-6-28 12:14:46, 16.41, 12598252380, 429394, LNC, 2016-6-28 12:15:39, 36.33, 8683124310, 147879, LUK, 2016-6-28 12:14:52, 15.97, 5786410100, 87186, TRCO, 2016-6-28 12:15:43, 37.47, 3447202530, 4916, DOX, 2016-6-28 12:15:18, 55.2, 8299430400, 9793, PDLI, 2016-6-28 12:16:04, 3.085, 509379775, 53363, XL, 2016-6-28 12:15:44, 31.35, 8883618150, 57703, CSCO, 2016-6-28 12:16:55, 27.62, 138920645440, 813045, DIS, 2016-6-28 12:16:43, 95.56, 155040461960, 265060, DVN, 2016-6-28 12:17:15, 35.71, 18712040000, 344021, HD, 2016-6-28 12:17:25, 126.54, 157416645780, 163384, JPM, 2016-6-28 12:17:41, 58.68, 214572750120, 978162, PFE, 2016-6-28 12:17:41, 34.18, 207296538820, 955859, S, 2016-6-28 12:17:25, 4.325, 17190110400, 229949, V, 2016-6-28 12:18:25, 74.945, 178736855115, 421988, WMT, 2016-6-28 12:18:32, 71.38, 222466262860, 217290, XOM, 2016-6-28 12:18:18, 90.13, 373734049430, 380040
CKEC, 2016-6-28 12:16:47, 30.13, 739751760, 6511, SRPT, 2016-6-28 12:17:25, 17.31, 829599060, 56252, TK, 2016-6-28 12:19:19, 7.07, 513989000, 66146, HRG, 2016-6-28 12:15:07, 12.56, 2520716640, 17810, CJES, 2016-6-28 12:12:25, 0.6251, 75038254, 45987, CIT, 2016-6-28 12:19:10, 28.9, 5829274500, 34608, TUP, 2016-6-28 12:19:09, 53.08, 2680699240, 19059, BC, 2016-6-28 12:19:27, 43.07, 3903477170, 35627, FITB, 2016-6-28 12:19:15, 16.36, 12559866480, 443291, LNC, 2016-6-28 12:20:29, 36.19, 8649663330, 150009, LUK, 2016-6-28 12:19:37, 15.94, 5775540200, 89191, TRCO, 2016-6-28 12:15:43, 37.47, 3447202530, 4916, DOX, 2016-6-28 12:18:39, 55.22, 8302437440, 9893, PDLI, 2016-6-28 12:20:14, 3.09, 510205350, 54563, XL, 2016-6-28 12:21:23, 31.34, 8880784460, 59753, CSCO, 2016-6-28 12:22:06, 27.64, 139021239680, 825816, DIS, 2016-6-28 12:20:50, 95.5, 154943115500, 271412, DVN, 2016-6-28 12:22:18, 35.76, 18738240000, 349678, HD, 2016-6-28 12:22:35, 126.6, 157491286200, 165292, JPM, 2016-6-28 12:22:50, 58.57, 214170517630, 984737, PFE, 2016-6-28 12:22:50, 34.205, 207448160045, 962135, S, 2016-6-28 12:23:11, 4.33, 17209983360, 231749, V, 2016-6-28 12:23:32, 74.92, 178677232440, 428848, WMT, 2016-6-28 12:23:30, 71.38, 222466262860, 223295, XOM, 2016-6-28 12:23:57, 90.2, 374024312200, 383386
CKEC, 2016-6-28 12:16:47, 30.13, 739751760, 6511, SRPT, 2016-6-28 12:22:44, 17.28, 828161280, 62607, TK, 2016-6-28 12:24:33, 7.01, 509627000, 70093, HRG, 2016-6-28 12:20:00, 12.57, 2522723580, 18210, CJES, 2016-6-28 12:20:15, 0.6315, 75806523, 47387, CIT, 2016-6-28 12:22:49, 28.8, 5809104000, 35942, TUP, 2016-6-28 12:23:18, 53.08, 2680699240, 19265, BC, 2016-6-28 12:23:40, 43, 3897133000, 36227, FITB, 2016-6-28 12:25:37, 16.33, 12536834940, 448285, LNC, 2016-6-28 12:25:37, 36.15, 8640103050, 151227, LUK, 2016-6-28 12:25:17, 15.94, 5775540200, 90903, TRCO, 2016-6-28 12:15:00, 37.47, 3447202530, 4916, DOX, 2016-6-28 12:25:01, 55.2, 8299430400, 9993, PDLI, 2016-6-28 12:26:09, 3.09, 510205350, 55363, XL, 2016-6-28 12:25:03, 31.33, 8877950770, 62444, CSCO, 2016-6-28 12:26:53, 27.615, 138895496880, 833835, DIS, 2016-6-28 12:26:41, 95.47, 154894442270, 279703, DVN, 2016-6-28 12:27:16, 35.72, 18717280000, 354345, HD, 2016-6-28 12:27:09, 126.59, 157478846130, 167222, JPM, 2016-6-28 12:27:55, 58.53, 214024251270, 993108, PFE, 2016-6-28 12:28:11, 34.21, 207478484290, 969378, S, 2016-6-28 12:28:15, 4.325, 17190110400, 234249, V, 2016-6-28 12:28:32, 74.81, 178414892670, 437953, WMT, 2016-6-28 12:28:47, 71.31, 222248097570, 230129, XOM, 2016-6-28 12:29:03, 90.07, 373485252770, 391109
CKEC, 2016-6-28 12:28:56, 30.18, 740979360, 6611, SRPT, 2016-6-28 12:28:35, 17.27, 827682020, 63307, TK, 2016-6-28 12:27:09, 6.95, 505265000, 71493, HRG, 2016-6-28 12:27:17, 12.58, 2524730520, 18848, CJES, 2016-6-28 12:26:30, 0.6315, 75806523, 49787, CIT, 2016-6-28 12:29:54, 28.81, 5811121050, 36615, TUP, 2016-6-28 12:29:01, 53.03, 2678174090, 19571, BC, 2016-6-28 12:28:57, 43.01, 3898039310, 36428, FITB, 2016-6-28 12:30:01, 16.35, 12552189300, 452410, LNC, 2016-6-28 12:30:13, 36.2, 8652053400, 153311, LUK, 2016-6-28 12:29:21, 15.93, 5771916900, 93780, TRCO, 2016-6-28 12:15:43, 37.47, 3447202530, 4916, DOX, 2016-6-28 12:29:58, 55.17, 8294919840, 10193, PDLI, 2016-6-28 12:31:09, 3.09, 510205350, 56063, XL, 2016-6-28 12:31:56, 31.32, 8875117080, 63170, CSCO, 2016-6-28 12:32:18, 27.63, 138970942560, 847537, DIS, 2016-6-28 12:32:01, 95.48, 154910666680, 282950, DVN, 2016-6-28 12:32:42, 35.69, 18701560000, 359423, HD, 2016-6-28 12:32:59, 126.78, 157715207460, 169645, JPM, 2016-6-28 12:33:12, 58.61, 214316783990, 1005917, PFE, 2016-6-28 12:33:01, 34.25, 207721078250, 973793, S, 2016-6-28 12:33:19, 4.305, 17110618560, 254149, V, 2016-6-28 12:32:47, 74.935, 178713006045, 441385, WMT, 2016-6-28 12:33:24, 71.355, 222388346685, 233847, XOM, 2016-6-28 12:34:02, 90.22, 374107244420, 394931
CKEC, 2016-6-28 12:30:00, 30.18, 740979360, 6711, SRPT, 2016-6-28 12:33:28, 17.32, 830078320, 64212, TK, 2016-6-28 12:34:00, 6.99, 508173000, 71740, HRG, 2016-6-28 12:33:19, 12.61, 2530751340, 19548, CJES, 2016-6-28 12:32:13, 0.6304, 75674477, 52087, CIT, 2016-6-28 12:32:19, 28.81, 5811121050, 37987, TUP, 2016-6-28 12:35:26, 53.33, 2693324990, 20671, BC, 2016-6-28 12:34:20, 43.08, 3904383480, 36828, FITB, 2016-6-28 12:36:00, 16.36, 12559866480, 458690, LNC, 2016-6-28 12:36:15, 36.25, 8664003750, 157951, LUK, 2016-6-28 12:36:06, 15.91, 5764670300, 100376, TRCO, 2016-6-28 12:15:00, 37.47, 3447202530, 5052, DOX, 2016-6-28 12:35:13, 55.23, 8303940960, 10493, PDLI, 2016-6-28 12:36:24, 3.085, 509379775, 56508, XL, 2016-6-28 12:37:04, 31.36, 8886451840, 63581, CSCO, 2016-6-28 12:37:27, 27.64, 139021239680, 859331, DIS, 2016-6-28 12:37:05, 95.54, 155008013140, 289500, DVN, 2016-6-28 12:37:45, 35.75, 18733000000, 364256, HD, 2016-6-28 12:37:45, 126.78, 157715207460, 172209, JPM, 2016-6-28 12:38:16, 58.69, 214609316710, 1013738, PFE, 2016-6-28 12:38:16, 34.29, 207963672210, 983682, S, 2016-6-28 12:38:34, 4.31, 17130491520, 254849, V, 2016-6-28 12:38:47, 74.98, 178820326860, 451038, WMT, 2016-6-28 12:38:23, 71.34, 222341596980, 237170, XOM, 2016-6-28 12:38:55, 90.25, 374231642750, 400028
CKEC, 2016-6-28 12:37:25, 30.17, 740733840, 6911, SRPT, 2016-6-28 12:39:31, 17.38, 832953880, 64812, TK, 2016-6-28 12:37:48, 7.02, 510354000, 72155, HRG, 2016-6-28 12:37:05, 12.62, 2532758280, 19848, CJES, 2016-6-28 12:40:09, 0.6319, 75854540, 52387, CIT, 2016-6-28 12:38:22, 28.83, 5815155150, 38317, TUP, 2016-6-28 12:39:56, 53.54, 2703930620, 21171, BC, 2016-6-28 12:38:17, 43.12, 3908008720, 37128, FITB, 2016-6-28 12:40:32, 16.385, 12579059430, 462636, LNC, 2016-6-28 12:41:24, 36.25, 8664003750, 188508, LUK, 2016-6-28 12:41:36, 15.93, 5771916900, 103234, TRCO, 2016-6-28 12:15:00, 37.47, 3447202530, 5052, DOX, 2016-6-28 12:35:13, 55.23, 8303940960, 10493, PDLI, 2016-6-28 12:41:14, 3.09, 510205350, 57208, XL, 2016-6-28 12:38:00, 31.37, 8889285530, 64081, CSCO, 2016-6-28 12:42:33, 27.66, 139121833920, 866838, DIS, 2016-6-28 12:42:45, 95.58, 155072910780, 296054, DVN, 2016-6-28 12:42:55, 35.81, 18764440000, 369275, HD, 2016-6-28 12:42:59, 126.91, 157876928370, 174585, JPM, 2016-6-28 12:43:05, 58.72, 214719016480, 1023046, PFE, 2016-6-28 12:42:55, 34.3, 208024320700, 999641, S, 2016-6-28 12:43:04, 4.305, 17110618560, 256249, V, 2016-6-28 12:43:34, 75.01, 178891874070, 458434, WMT, 2016-6-28 12:43:56, 71.355, 222388346685, 244504, XOM, 2016-6-28 12:43:48, 90.24, 374190176640, 405952
CKEC, 2016-6-28 12:40:53, 30.13, 739751760, 7211, SRPT, 2016-6-28 12:41:30, 17.45, 836308700, 65757, TK, 2016-6-28 12:44:02, 7.05, 512535000, 72855, HRG, 2016-6-28 12:37:00, 12.62, 2532758280, 19848, CJES, 2016-6-28 12:42:57, 0.6328, 75962578, 55487, CIT, 2016-6-28 12:45:44, 28.85, 5819189250, 38662, TUP, 2016-6-28 12:45:28, 53.54, 2703930620, 23376, BC, 2016-6-28 12:38:17, 43.12, 3908008720, 37128, FITB, 2016-6-28 12:44:59, 16.4, 12590575200, 467137, LNC, 2016-6-28 12:46:33, 36.22, 8656833540, 201512, LUK, 2016-6-28 12:46:17, 15.92, 5768293600, 105683, TRCO, 2016-6-28 12:46:28, 37.5, 3449962500, 5302, DOX, 2016-6-28 12:46:18, 55.26, 8308451520, 10797, PDLI, 2016-6-28 12:46:26, 3.085, 509379775, 57708, XL, 2016-6-28 12:47:14, 31.35, 8883618150, 66552, CSCO, 2016-6-28 12:47:29, 27.645, 139046388240, 882557, DIS, 2016-6-28 12:48:00, 95.52, 154975564320, 300706, DVN, 2016-6-28 12:48:11, 35.73, 18722520000, 373119, HD, 2016-6-28 12:47:50, 126.94, 157914248580, 177313, JPM, 2016-6-28 12:48:37, 58.63, 214389917170, 1038547, PFE, 2016-6-28 12:48:44, 34.29, 207963672210, 1014381, S, 2016-6-28 12:48:47, 4.305, 17110618560, 256949, V, 2016-6-28 12:49:13, 74.95, 178748779650, 466358, WMT, 2016-6-28 12:49:08, 71.31, 222248097570, 249145, XOM, 2016-6-28 12:49:01, 90.14, 373775515540, 411734
CKEC, 2016-6-28 12:40:53, 30.13, 739751760, 7211, SRPT, 2016-6-28 12:49:43, 17.47, 837267220, 66557, TK, 2016-6-28 12:46:12, 7.015, 509990500, 73455, HRG, 2016-6-28 12:47:53, 12.61, 2530751340, 20048, CJES, 2016-6-28 12:45:00, 0.6331, 75998590, 55887, CIT, 2016-6-28 12:51:04, 28.83, 5815155150, 40925, TUP, 2016-6-28 12:46:33, 53.54, 2703930620, 23500, BC, 2016-6-28 12:46:16, 43.15, 3910727650, 37428, FITB, 2016-6-28 12:50:24, 16.4, 12590575200, 477349, LNC, 2016-6-28 12:51:59, 36.25, 8664003750, 204752, LUK, 2016-6-28 12:51:12, 15.93, 5771916900, 106757, TRCO, 2016-6-28 12:46:00, 37.5, 3449962500, 5302, DOX, 2016-6-28 12:47:17, 55.23, 8303940960, 10920, PDLI, 2016-6-28 12:51:54, 3.09, 510205350, 58008, XL, 2016-6-28 12:53:27, 31.38, 8892119220, 67652, CSCO, 2016-6-28 12:53:33, 27.66, 139121833920, 892284, DIS, 2016-6-28 12:54:05, 95.58, 155072910780, 308632, DVN, 2016-6-28 12:54:14, 35.78, 18748720000, 381459, HD, 2016-6-28 12:54:29, 127.02, 158013769140, 181189, JPM, 2016-6-28 12:54:55, 58.65, 214463050350, 1053650, PFE, 2016-6-28 12:55:05, 34.315, 208115293435, 1021580, S, 2016-6-28 12:52:58, 4.305, 17110618560, 257449, V, 2016-6-28 12:55:27, 74.99, 178844175930, 474718, WMT, 2016-6-28 12:55:43, 71.38, 222466262860, 255363, XOM, 2016-6-28 12:55:56, 90.22, 374107244420, 420334
CKEC, 2016-6-28 12:52:06, 30.1, 739015200, 7411, SRPT, 2016-6-28 12:54:06, 17.49, 838225740, 68123, TK, 2016-6-28 12:56:25, 6.96, 505992000, 73955, HRG, 2016-6-28 12:52:23, 12.62, 2532758280, 20248, CJES, 2016-6-28 12:52:52, 0.6372, 76490762, 56187, CIT, 2016-6-28 12:52:40, 28.85, 5819189250, 41325, TUP, 2016-6-28 12:57:20, 53.43, 2698375290, 23800, BC, 2016-6-28 12:57:20, 43.1, 3906196100, 38028, FITB, 2016-6-28 12:56:48, 16.39, 12582898020, 482731, LNC, 2016-6-28 12:57:26, 36.28, 8671173960, 205789, LUK, 2016-6-28 12:55:56, 15.96, 5782786800, 107579, TRCO, 2016-6-28 12:56:28, 37.47, 3447202530, 5402, DOX, 2016-6-28 12:55:20, 55.25, 8306948000, 11020, PDLI, 2016-6-28 12:58:14, 3.08, 508554200, 59608, XL, 2016-6-28 12:58:54, 31.38, 8892119220, 68700, CSCO, 2016-6-28 12:58:56, 27.65, 139071536800, 910417, DIS, 2016-6-28 12:59:22, 95.52, 154975564320, 326859, DVN, 2016-6-28 12:59:38, 35.76, 18738240000, 388257, HD, 2016-6-28 12:59:51, 127.03, 158026209210, 183058, JPM, 2016-6-28 12:59:51, 58.625, 214371633875, 1085331, PFE, 2016-6-28 12:59:51, 34.26, 207781726740, 1030672, S, 2016-6-28 12:58:41, 4.31, 17130491520, 258049, V, 2016-6-28 13:00:41, 74.94, 178724930580, 482561, WMT, 2016-6-28 13:00:34, 71.385, 222481846095, 262362, XOM, 2016-6-28 13:00:52, 90.1, 373609651100, 427681
CKEC, 2016-6-28 13:00:55, 30.14, 739997280, 7611, SRPT, 2016-6-28 13:00:07, 17.48, 837746480, 68537, TK, 2016-6-28 13:01:08, 6.965, 506355500, 75555, HRG, 2016-6-28 13:01:42, 12.6, 2528744400, 20848, CJES, 2016-6-28 13:02:06, 0.6352, 76250678, 58287, CIT, 2016-6-28 13:01:05, 28.82, 5813138100, 41730, TUP, 2016-6-28 13:02:00, 53.47, 2700395410, 24300, BC, 2016-6-28 13:00:27, 43.09, 3905289790, 38228, FITB, 2016-6-28 13:02:35, 16.38, 12575220840, 486161, LNC, 2016-6-28 13:02:20, 36.25, 8664003750, 206932, LUK, 2016-6-28 13:01:12, 15.95, 5779163500, 108637, TRCO, 2016-6-28 13:01:21, 37.44, 3444442560, 5502, DOX, 2016-6-28 13:00:47, 55.25, 8306948000, 11120, PDLI, 2016-6-28 13:02:45, 3.08, 508554200, 59708, XL, 2016-6-28 13:03:00, 31.39, 8894952910, 70655, CSCO, 2016-6-28 13:04:23, 27.63, 138970942560, 918304, DIS, 2016-6-28 13:04:23, 95.45, 154861993450, 329166, DVN, 2016-6-28 13:04:45, 35.66, 18685840000, 394189, HD, 2016-6-28 13:04:19, 126.9, 157864488300, 184885, JPM, 2016-6-28 13:05:06, 58.63, 214389917170, 1095721, PFE, 2016-6-28 13:05:20, 34.28, 207903023720, 1041131, S, 2016-6-28 13:05:18, 4.3, 17090745600, 268060, V, 2016-6-28 13:05:48, 74.95, 178748779650, 487802, WMT, 2016-6-28 13:05:56, 71.39, 222497429330, 267792, XOM, 2016-6-28 13:06:02, 90.21, 374065778310, 433245
CKEC, 2016-6-28 13:01:32, 30.19, 741224880, 7711, SRPT, 2016-6-28 13:05:18, 17.52, 839663520, 70537, TK, 2016-6-28 13:03:13, 6.95, 505265000, 76510, HRG, 2016-6-28 13:04:48, 12.61, 2530751340, 21548, CJES, 2016-6-28 13:02:23, 0.6361, 76358716, 58687, CIT, 2016-6-28 13:06:51, 28.79, 5807086950, 42130, TUP, 2016-6-28 13:07:27, 53.59, 2706455770, 26432, BC, 2016-6-28 13:07:53, 43.11, 3907102410, 38533, FITB, 2016-6-28 13:07:35, 16.35, 12552189300, 489405, LNC, 2016-6-28 13:08:13, 36.19, 8649663330, 209232, LUK, 2016-6-28 13:07:55, 15.93, 5771916900, 109114, TRCO, 2016-6-28 13:08:13, 37.39, 3439842610, 5702, DOX, 2016-6-28 13:05:40, 55.24, 8305444480, 11660, PDLI, 2016-6-28 13:08:16, 3.08, 508554200, 59908, XL, 2016-6-28 13:08:35, 31.4, 8897786600, 74295, CSCO, 2016-6-28 13:09:29, 27.63, 138970942560, 941565, DIS, 2016-6-28 13:09:27, 95.39, 154764646990, 332911, DVN, 2016-6-28 13:09:48, 35.6, 18654400000, 398422, HD, 2016-6-28 13:09:52, 126.71, 157628126970, 189689, JPM, 2016-6-28 13:10:13, 58.64, 214426483760, 1116471, PFE, 2016-6-28 13:10:29, 34.26, 207781726740, 1054288, S, 2016-6-28 13:10:36, 4.29, 17050999680, 278060, V, 2016-6-28 13:10:57, 74.8, 178391043600, 496994, WMT, 2016-6-28 13:11:03, 71.26, 222092265220, 277939, XOM, 2016-6-28 13:11:18, 90.15, 373816981650, 441562
CKEC, 2016-6-28 13:09:09, 30.19, 741224880, 8011, SRPT, 2016-6-28 13:11:24, 17.63, 844935380, 71767, TK, 2016-6-28 13:11:01, 6.93, 503811000, 77809, HRG, 2016-6-28 13:11:50, 12.61, 2530751340, 21648, CJES, 2016-6-28 13:11:33, 0.635, 76226670, 58787, CIT, 2016-6-28 13:11:23, 28.78, 5805069900, 42875, TUP, 2016-6-28 13:12:41, 53.41, 2697365230, 27176, BC, 2016-6-28 13:08:33, 43.1, 3906196100, 38633, FITB, 2016-6-28 13:12:09, 16.38, 12575220840, 492133, LNC, 2016-6-28 13:13:14, 36.26, 8666393820, 210801, LUK, 2016-6-28 13:12:58, 15.95, 5779163500, 109377, TRCO, 2016-6-28 13:13:12, 37.42, 3442602580, 5902, DOX, 2016-6-28 13:10:02, 55.24, 8305444480, 11765, PDLI, 2016-6-28 13:14:07, 3.085, 509379775, 61008, XL, 2016-6-28 13:11:08, 31.41, 8900620290, 74595, CSCO, 2016-6-28 13:14:17, 27.67, 139172131040, 948591, DIS, 2016-6-28 13:14:01, 95.45, 154861993450, 334427, DVN, 2016-6-28 13:14:44, 35.65, 18680600000, 401166, HD, 2016-6-28 13:13:19, 126.83, 157777407810, 191126, JPM, 2016-6-28 13:15:28, 58.68, 214572750120, 1129357, PFE, 2016-6-28 13:15:30, 34.29, 207963672210, 1061737, S, 2016-6-28 13:13:55, 4.305, 17110618560, 288060, V, 2016-6-28 13:15:43, 74.86, 178534138020, 503165, WMT, 2016-6-28 13:16:05, 71.2, 221905266400, 282805, XOM, 2016-6-28 13:16:21, 90.2, 374024312200, 445033
CKEC, 2016-6-28 13:15:52, 30.25, 742698000, 8211, SRPT, 2016-6-28 13:16:56, 17.58, 842539080, 74167, TK, 2016-6-28 13:14:02, 6.9, 501630000, 78209, HRG, 2016-6-28 13:13:16, 12.62, 2532758280, 21848, CJES, 2016-6-28 13:11:33, 0.635, 76226670, 58787, CIT, 2016-6-28 13:17:06, 28.77, 5803052850, 43275, TUP, 2016-6-28 13:16:56, 53.29, 2691304870, 27276, BC, 2016-6-28 13:17:00, 43.14, 3909821340, 39643, FITB, 2016-6-28 13:18:18, 16.38, 12575220840, 495359, LNC, 2016-6-28 13:18:33, 36.17, 8644883190, 212734, LUK, 2016-6-28 13:18:33, 15.93, 5771916900, 111573, TRCO, 2016-6-28 13:18:50, 37.38, 3438922620, 6102, DOX, 2016-6-28 13:10:02, 55.24, 8305444480, 11765, PDLI, 2016-6-28 13:19:03, 3.085, 509379775, 61908, XL, 2016-6-28 13:19:34, 31.4, 8897786600, 77896, CSCO, 2016-6-28 13:19:42, 27.61, 138870348320, 991678, DIS, 2016-6-28 13:19:43, 95.37, 154732198170, 336675, DVN, 2016-6-28 13:19:58, 35.59, 18649160000, 408433, HD, 2016-6-28 13:20:08, 126.69, 157603246830, 193628, JPM, 2016-6-28 13:20:37, 58.64, 214426483760, 1141658, PFE, 2016-6-28 13:20:42, 34.25, 207721078250, 1076373, S, 2016-6-28 13:20:18, 4.305, 17110618560, 300761, V, 2016-6-28 13:21:08, 74.81, 178414892670, 512345, WMT, 2016-6-28 13:21:08, 71.12, 221655934640, 286733, XOM, 2016-6-28 13:21:36, 90.12, 373692583320, 452037
CKEC, 2016-6-28 13:15:52, 30.25, 742698000, 8211, SRPT, 2016-6-28 13:17:45, 17.57, 842059820, 74708, TK, 2016-6-28 13:22:04, 6.9, 501630000, 78509, HRG, 2016-6-28 13:21:29, 12.59, 2526737460, 22248, CJES, 2016-6-28 13:21:14, 0.6351, 76238674, 60487, CIT, 2016-6-28 13:22:51, 28.74, 5797001700, 44240, TUP, 2016-6-28 13:23:04, 52.92, 2672618760, 28222, BC, 2016-6-28 13:20:37, 43.1, 3906196100, 41743, FITB, 2016-6-28 13:22:53, 16.37, 12567543660, 502499, LNC, 2016-6-28 13:23:34, 36.1, 8628152700, 216055, LUK, 2016-6-28 13:22:59, 15.93, 5771916900, 113180, TRCO, 2016-6-28 13:18:50, 37.38, 3438922620, 6102, DOX, 2016-6-28 13:10:00, 55.24, 8305444480, 11765, PDLI, 2016-6-28 13:24:06, 3.08, 508554200, 63008, XL, 2016-6-28 13:23:00, 31.41, 8900620290, 80095, CSCO, 2016-6-28 13:24:42, 27.58, 138719456960, 1006767, DIS, 2016-6-28 13:24:27, 95.28, 154586178480, 339814, DVN, 2016-6-28 13:25:12, 35.59, 18649160000, 418416, HD, 2016-6-28 13:25:33, 126.64, 157541046480, 196022, JPM, 2016-6-28 13:25:45, 58.65, 214463050350, 1151393, PFE, 2016-6-28 13:25:41, 34.24, 207660429760, 1084717, S, 2016-6-28 13:25:23, 4.295, 17070872640, 306081, V, 2016-6-28 13:26:22, 74.79, 178367194530, 522131, WMT, 2016-6-28 13:26:30, 71.06, 221468935820, 292461, XOM, 2016-6-28 13:26:27, 90.05, 373402320550, 464215
CKEC, 2016-6-28 13:23:05, 30.26, 742943520, 8311, SRPT, 2016-6-28 13:25:42, 17.55, 841101300, 76010, TK, 2016-6-28 13:25:16, 6.88, 500176000, 78909, HRG, 2016-6-28 13:25:41, 12.58, 2524730520, 22607, CJES, 2016-6-28 13:23:51, 0.6351, 76238674, 60787, CIT, 2016-6-28 13:26:20, 28.77, 5803052850, 45050, TUP, 2016-6-28 13:27:47, 52.98, 2675648940, 29137, BC, 2016-6-28 13:26:10, 43.16, 3911633960, 42743, FITB, 2016-6-28 13:27:25, 16.4, 12590575200, 504710, LNC, 2016-6-28 13:28:29, 36.14, 8637712980, 218214, LUK, 2016-6-28 13:26:30, 15.95, 5779163500, 115768, TRCO, 2016-6-28 13:28:57, 37.48, 3448122520, 7402, DOX, 2016-6-28 13:27:03, 55.27, 8309955040, 12267, PDLI, 2016-6-28 13:29:25, 3.085, 509379775, 63408, XL, 2016-6-28 13:29:10, 31.46, 8914788740, 82227, CSCO, 2016-6-28 13:30:03, 27.575, 138694308400, 1025260, DIS, 2016-6-28 13:29:55, 95.35, 154699749350, 343658, DVN, 2016-6-28 13:30:23, 35.57, 18638680000, 421418, HD, 2016-6-28 13:30:21, 126.59, 157478846130, 199356, JPM, 2016-6-28 13:30:45, 58.6, 214280217400, 1162721, PFE, 2016-6-28 13:31:06, 34.175, 207266214575, 1109364, S, 2016-6-28 13:30:44, 4.295, 17070872640, 306481, V, 2016-6-28 13:31:15, 74.75, 178271798250, 528524, WMT, 2016-6-28 13:31:35, 71.05, 221437769350, 299289, XOM, 2016-6-28 13:31:55, 89.97, 373070591670, 473424
CKEC, 2016-6-28 13:23:05, 30.26, 742943520, 8311, SRPT, 2016-6-28 13:32:06, 17.54, 840622040, 77946, TK, 2016-6-28 13:29:56, 6.88, 500176000, 79209, HRG, 2016-6-28 13:29:22, 12.6, 2528744400, 23007, CJES, 2016-6-28 13:31:04, 0.635, 76226670, 60887, CIT, 2016-6-28 13:31:55, 28.76, 5801035800, 45738, TUP, 2016-6-28 13:33:08, 53, 2676659000, 30237, BC, 2016-6-28 13:29:00, 43.14, 3909821340, 42943, FITB, 2016-6-28 13:33:45, 16.38, 12575220840, 516504, LNC, 2016-6-28 13:33:58, 36.15, 8640103050, 222530, LUK, 2016-6-28 13:34:13, 15.93, 5771916900, 116725, TRCO, 2016-6-28 13:33:32, 37.52, 3451802480, 7803, DOX, 2016-6-28 13:32:48, 55.25, 8306948000, 12770, PDLI, 2016-6-28 13:34:11, 3.085, 509379775, 64008, XL, 2016-6-28 13:33:59, 31.41, 8900620290, 82946, CSCO, 2016-6-28 13:35:04, 27.565, 138644011280, 1053586, DIS, 2016-6-28 13:35:22, 95.31, 154634851710, 349992, DVN, 2016-6-28 13:35:31, 35.52, 18612480000, 427626, HD, 2016-6-28 13:35:49, 126.68, 157590806760, 202364, JPM, 2016-6-28 13:36:06, 58.61, 214316783990, 1174873, PFE, 2016-6-28 13:36:04, 34.175, 207266214575, 1122121, S, 2016-6-28 13:33:55, 4.295, 17070872640, 306581, V, 2016-6-28 13:36:40, 74.71, 178176401970, 541754, WMT, 2016-6-28 13:36:27, 71.045, 221422186115, 306315, XOM, 2016-6-28 13:36:46, 90, 373194990000, 481244
CKEC, 2016-6-28 13:23:05, 30.26, 742943520, 8311, SRPT, 2016-6-28 13:37:00, 17.505, 838944630, 79691, TK, 2016-6-28 13:37:18, 6.93, 503811000, 81010, HRG, 2016-6-28 13:34:03, 12.62, 2532758280, 23107, CJES, 2016-6-28 13:37:17, 0.6351, 76238674, 62087, CIT, 2016-6-28 13:37:16, 28.72, 5792967600, 47925, TUP, 2016-6-28 13:37:58, 53.1, 2681709300, 30644, BC, 2016-6-28 13:36:57, 43.1, 3906196100, 43043, FITB, 2016-6-28 13:38:51, 16.405, 12594413790, 518634, LNC, 2016-6-28 13:38:51, 36.16, 8642493120, 223030, LUK, 2016-6-28 13:39:06, 15.94, 5775540200, 117438, TRCO, 2016-6-28 13:39:06, 37.56, 3455482440, 8103, DOX, 2016-6-28 13:32:48, 55.25, 8306948000, 12770, PDLI, 2016-6-28 13:39:15, 3.085, 509379775, 65068, XL, 2016-6-28 13:40:03, 31.42, 8903453980, 83847, CSCO, 2016-6-28 13:40:20, 27.61, 138870348320, 1066246, DIS, 2016-6-28 13:40:20, 95.32, 154651076120, 354243, DVN, 2016-6-28 13:40:46, 35.64, 18675360000, 433372, HD, 2016-6-28 13:40:52, 126.77, 157702767390, 204621, JPM, 2016-6-28 13:41:13, 58.68, 214572750120, 1187777, PFE, 2016-6-28 13:41:09, 34.18, 207296538820, 1129265, S, 2016-6-28 13:39:54, 4.295, 17070872640, 316717, V, 2016-6-28 13:41:15, 74.825, 178450666275, 547221, WMT, 2016-6-28 13:41:13, 71.02, 221344269940, 312875, XOM, 2016-6-28 13:41:58, 90.05, 373402320550, 488097
CKEC, 2016-6-28 13:23:05, 30.26, 742943520, 8311, SRPT, 2016-6-28 13:40:20, 17.54, 840622040, 81091, TK, 2016-6-28 13:42:31, 6.98, 507446000, 82110, HRG, 2016-6-28 13:39:22, 12.62, 2532758280, 23307, CJES, 2016-6-28 13:37:17, 0.6351, 76238674, 62087, CIT, 2016-6-28 13:42:18, 28.83, 5815155150, 48820, TUP, 2016-6-28 13:42:57, 53.25, 2689284750, 31244, BC, 2016-6-28 13:40:20, 43.15, 3910727650, 43243, FITB, 2016-6-28 13:43:03, 16.39, 12582898020, 522797, LNC, 2016-6-28 13:44:15, 36.15, 8640103050, 225674, LUK, 2016-6-28 13:42:41, 15.965, 5784598450, 118085, TRCO, 2016-6-28 13:43:05, 37.61, 3460082390, 8508, DOX, 2016-6-28 13:43:38, 55.22, 8302437440, 12979, PDLI, 2016-6-28 13:43:59, 3.095, 511030925, 66568, XL, 2016-6-28 13:44:04, 31.45, 8911955050, 84147, CSCO, 2016-6-28 13:44:23, 27.62, 138920645440, 1070397, DIS, 2016-6-28 13:45:23, 95.38, 154748422580, 356644, DVN, 2016-6-28 13:45:59, 35.7, 18706800000, 437289, HD, 2016-6-28 13:45:27, 126.76, 157690327320, 206338, JPM, 2016-6-28 13:46:21, 58.7, 214645883300, 1199091, PFE, 2016-6-28 13:46:12, 34.215, 207508808535, 1133231, S, 2016-6-28 13:46:36, 4.29, 17050999680, 328236, V, 2016-6-28 13:46:13, 74.84, 178486439880, 549997, WMT, 2016-6-28 13:47:12, 70.97, 221188437590, 321944, XOM, 2016-6-28 13:47:18, 90.09, 373568184990, 494650
CKEC, 2016-6-28 13:46:56, 30.27, 743189040, 8411, SRPT, 2016-6-28 13:46:13, 17.57, 842059820, 81791, TK, 2016-6-28 13:46:46, 6.98, 507446000, 82410, HRG, 2016-6-28 13:44:44, 12.64, 2536772160, 23407, CJES, 2016-6-28 13:46:59, 0.6351, 76238674, 64290, CIT, 2016-6-28 13:45:38, 28.8, 5809104000, 50467, TUP, 2016-6-28 13:48:51, 53.27, 2690294810, 33072, BC, 2016-6-28 13:46:21, 43.14, 3909821340, 43443, FITB, 2016-6-28 13:48:33, 16.39, 12582898020, 525967, LNC, 2016-6-28 13:49:07, 36.14, 8637712980, 226933, LUK, 2016-6-28 13:46:26, 15.95, 5779163500, 118543, TRCO, 2016-6-28 13:45:01, 37.6, 3459162400, 8608, DOX, 2016-6-28 13:43:38, 55.22, 8302437440, 12979, PDLI, 2016-6-28 13:48:25, 3.095, 511030925, 67072, XL, 2016-6-28 13:50:13, 31.45, 8911955050, 85476, CSCO, 2016-6-28 13:50:00, 27.6, 138820051200, 1081292, DIS, 2016-6-28 13:50:52, 95.39, 154764646990, 359807, DVN, 2016-6-28 13:50:47, 35.62, 18664880000, 442745, HD, 2016-6-28 13:51:17, 126.77, 157702767390, 207503, JPM, 2016-6-28 13:51:19, 58.7, 214645883300, 1210609, PFE, 2016-6-28 13:51:20, 34.2, 207417835800, 1141195, S, 2016-6-28 13:50:58, 4.29, 17050999680, 334836, V, 2016-6-28 13:52:05, 74.78, 178343345460, 558165, WMT, 2016-6-28 13:52:10, 70.98, 221219604060, 327893, XOM, 2016-6-28 13:51:59, 90.12, 373692583320, 500563
CKEC, 2016-6-28 13:46:56, 30.27, 743189040, 8411, SRPT, 2016-6-28 13:51:16, 17.6, 843497600, 82291, TK, 2016-6-28 13:51:24, 6.99, 508173000, 83110, HRG, 2016-6-28 13:49:32, 12.64, 2536772160, 23607, CJES, 2016-6-28 13:51:12, 0.6351, 76238674, 64390, CIT, 2016-6-28 13:52:34, 28.79, 5807086950, 51002, TUP, 2016-6-28 13:52:12, 53.28, 2690799840, 33355, BC, 2016-6-28 13:46:00, 43.14, 3909821340, 43543, FITB, 2016-6-28 13:54:16, 16.37, 12567543660, 532223, LNC, 2016-6-28 13:53:00, 36.18, 8647273260, 228368, LUK, 2016-6-28 13:51:28, 15.96, 5782786800, 119067, TRCO, 2016-6-28 13:54:41, 37.6, 3459162400, 8908, DOX, 2016-6-28 13:54:05, 55.27, 8309955040, 13282, PDLI, 2016-6-28 13:53:50, 3.085, 509379775, 72722, XL, 2016-6-28 13:54:53, 31.48, 8920456120, 87721, CSCO, 2016-6-28 13:55:05, 27.6, 138820051200, 1093852, DIS, 2016-6-28 13:55:37, 95.43, 154829544630, 362015, DVN, 2016-6-28 13:56:12, 35.69, 18701560000, 447323, HD, 2016-6-28 13:55:17, 126.66, 157565926620, 210804, JPM, 2016-6-28 13:56:37, 58.71, 214682449890, 1219765, PFE, 2016-6-28 13:56:40, 34.185, 207326863065, 1147882, S, 2016-6-28 13:57:00, 4.3, 17090745600, 341082, V, 2016-6-28 13:57:14, 74.81, 178414892670, 561894, WMT, 2016-6-28 13:56:43, 70.95, 221126104650, 332135, XOM, 2016-6-28 13:57:36, 90.15, 373816981650, 504339
CKEC, 2016-6-28 13:56:16, 30.27, 743189040, 8511, SRPT, 2016-6-28 13:57:35, 17.56, 841580560, 82791, TK, 2016-6-28 13:56:55, 6.99, 508173000, 83610, HRG, 2016-6-28 13:58:11, 12.63, 2534765220, 23907, CJES, 2016-6-28 13:54:28, 0.6412, 76970930, 67290, CIT, 2016-6-28 13:57:50, 28.8, 5809104000, 54872, TUP, 2016-6-28 13:57:28, 53.16, 2684739480, 33955, BC, 2016-6-28 13:55:42, 43.23, 3917978130, 43743, FITB, 2016-6-28 13:58:54, 16.35, 12552189300, 538482, LNC, 2016-6-28 13:59:30, 36.18, 8647273260, 232547, LUK, 2016-6-28 13:57:32, 15.97, 5786410100, 119167, TRCO, 2016-6-28 13:54:41, 37.6, 3459162400, 8908, DOX, 2016-6-28 13:58:33, 55.29, 8312962080, 13482, PDLI, 2016-6-28 13:57:58, 3.09, 510205350, 72922, XL, 2016-6-28 14:00:27, 31.49, 8923289810, 88221, CSCO, 2016-6-28 14:00:55, 27.58, 138719456960, 1101654, DIS, 2016-6-28 14:00:56, 95.34, 154683524940, 365041, DVN, 2016-6-28 14:00:58, 35.65, 18680600000, 451829, HD, 2016-6-28 14:01:34, 126.65, 157553486550, 213082, JPM, 2016-6-28 14:01:42, 58.7, 214645883300, 1227572, PFE, 2016-6-28 14:01:54, 34.17, 207235890330, 1153214, S, 2016-6-28 13:59:41, 4.29, 17050999680, 350662, V, 2016-6-28 14:01:43, 74.79, 178367194530, 565177, WMT, 2016-6-28 14:02:22, 70.925, 221048188475, 340958, XOM, 2016-6-28 14:02:35, 90.1, 373609651100, 513212
CKEC, 2016-6-28 13:56:16, 30.27, 743189040, 8511, SRPT, 2016-6-28 14:02:59, 17.54, 840622040, 83091, TK, 2016-6-28 14:03:03, 6.98, 507446000, 87289, HRG, 2016-6-28 14:03:02, 12.63, 2534765220, 24507, CJES, 2016-6-28 14:03:18, 0.6577, 78951623, 67790, CIT, 2016-6-28 14:03:03, 28.85, 5819189250, 55526, TUP, 2016-6-28 14:01:45, 53.08, 2680699240, 34561, BC, 2016-6-28 14:02:00, 43.16, 3911633960, 43843, FITB, 2016-6-28 14:03:59, 16.4, 12590575200, 547148, LNC, 2016-6-28 14:03:40, 36.29, 8673564030, 236559, 